,width,height,url,id,author,download_url
0,3448,5168,https://images.unsplash.com/photo-1714060334882-41e92bd8f73b?crop=entropy&cs=tinysrgb&fit=max&fm=jpg&ixid=M3w1OTQ4NjF8MHwxfGFsbHwxfHx8fHx8Mnx8MTcxNDE0MzQ0MXw&ixlib=rb-4.0.3&q=80&w=1080,,,
1,3360,5040,https://images.unsplash.com/photo-1713807868932-f7a77576ac5a?crop=entropy&cs=tinysrgb&fit=max&fm=jpg&ixid=M3w1OTQ4NjF8MHwxfGFsbHwyfHx8fHx8Mnx8MTcxNDE0MzQ0MXw&ixlib=rb-4.0.3&q=80&w=1080,,,
2,5400,7200,https://images.unsplash.com/photo-1714066961894-c2b6b161cfb4?crop=entropy&cs=tinysrgb&fit=max&fm=jpg&ixid=M3w1OTQ4NjF8MHwxfGFsbHwzfHx8fHx8Mnx8MTcxNDE0MzQ0MXw&ixlib=rb-4.0.3&q=80&w=1080,,,
3,5840,8775,https://images.unsplash.com/photo-1714052326811-5984cf03ad8a?ixid=M3w1OTQ4NjF8MHwxfGFsbHw0fHx8fHx8Mnx8MTcxNDE0MzQ0MXw&ixlib=rb-4.0.3,,,
4,4672,7008,https://images.unsplash.com/photo-1714115816960-55cc9086768a?ixid=M3w1OTQ4NjF8MHwxfGFsbHw1fHx8fHx8Mnx8MTcxNDE0MzQ0MXw&ixlib=rb-4.0.3,,,
5,6336,9520,https://images.unsplash.com/photo-1714052326919-de54dbc2ada4?ixid=M3w1OTQ4NjF8MHwxfGFsbHw2fHx8fHx8Mnx8MTcxNDE0MzQ0MXw&ixlib=rb-4.0.3,,,
6,3368,6000,https://images.unsplash.com/photo-1713986876766-d7ac88edee4c?crop=entropy&cs=tinysrgb&fit=max&fm=jpg&ixid=M3w1OTQ4NjF8MHwxfGFsbHw3fHx8fHx8Mnx8MTcxNDE0MzQ0MXw&ixlib=rb-4.0.3&q=80&w=1080,,,
7,4160,6240,https://images.unsplash.com/photo-1713735962803-5bff1f596614?ixid=M3w1OTQ4NjF8MHwxfGFsbHw4fHx8fHx8Mnx8MTcxNDE0MzQ0MXw&ixlib=rb-4.0.3,,,
8,4160,5731,https://images.unsplash.com/photo-1713283547186-ef7fadbd4ee6?ixid=M3w1OTQ4NjF8MHwxfGFsbHw5fHx8fHx8Mnx8MTcxNDE0MzQ0MXw&ixlib=rb-4.0.3,,,
9,4000,6000,https://images.unsplash.com/photo-1713549946308-0833defadb32?ixid=M3w1OTQ4NjF8MHwxfGFsbHwxMHx8fHx8fDJ8fDE3MTQxNDM0NDF8&ixlib=rb-4.0.3,,,
10,4160,5731,https://images.unsplash.com/photo-1713283547186-ef7fadbd4ee6?ixid=M3w1OTQ4NjF8MHwxfGFsbHwxMXx8fHx8fDJ8fDE3MTQxNDM0NDJ8&ixlib=rb-4.0.3,,,
11,4000,6000,https://images.unsplash.com/photo-1713549946308-0833defadb32?crop=entropy&cs=tinysrgb&fit=max&fm=jpg&ixid=M3w1OTQ4NjF8MHwxfGFsbHwxMnx8fHx8fDJ8fDE3MTQxNDM0NDJ8&ixlib=rb-4.0.3&q=80&w=1080,,,
12,5937,8921,https://images.unsplash.com/photo-1714052326822-9f57a1d0ec9d?crop=entropy&cs=tinysrgb&fit=max&fm=jpg&ixid=M3w1OTQ4NjF8MHwxfGFsbHwxM3x8fHx8fDJ8fDE3MTQxNDM0NDJ8&ixlib=rb-4.0.3&q=80&w=1080,,,
13,5568,3712,https://images.unsplash.com/photo-1713480841794-1f7774609b36?crop=entropy&cs=tinysrgb&fit=max&fm=jpg&ixid=M3w1OTQ4NjF8MHwxfGFsbHwxNHx8fHx8fDJ8fDE3MTQxNDM0NDJ8&ixlib=rb-4.0.3&q=80&w=1080,,,
14,8400,5600,https://images.unsplash.com/photo-1714119486523-191322872aa9?ixid=M3w1OTQ4NjF8MHwxfGFsbHwxNXx8fHx8fDJ8fDE3MTQxNDM0NDJ8&ixlib=rb-4.0.3,,,
15,4672,7008,https://images.unsplash.com/photo-1714113728562-6c67a7cb4542?ixid=M3w1OTQ4NjF8MHwxfGFsbHwxNnx8fHx8fDJ8fDE3MTQxNDM0NDJ8&ixlib=rb-4.0.3,,,
16,4000,6000,https://images.unsplash.com/photo-1713993001383-5336f0d89585?crop=entropy&cs=tinysrgb&fit=max&fm=jpg&ixid=M3w1OTQ4NjF8MHwxfGFsbHwxN3x8fHx8fDJ8fDE3MTQxNDM0NDJ8&ixlib=rb-4.0.3&q=80&w=1080,,,
17,4274,6349,https://images.unsplash.com/photo-1713872288272-afa3f0d001c2?crop=entropy&cs=tinysrgb&fit=max&fm=jpg&ixid=M3w1OTQ4NjF8MHwxfGFsbHwxOHx8fHx8fDJ8fDE3MTQxNDM0NDJ8&ixlib=rb-4.0.3&q=80&w=1080,,,
18,3584,4480,https://images.unsplash.com/photo-1713847735454-ed728f893385?crop=entropy&cs=tinysrgb&fit=max&fm=jpg&ixid=M3w1OTQ4NjF8MHwxfGFsbHwxOXx8fHx8fDJ8fDE3MTQxNDM0NDJ8&ixlib=rb-4.0.3&q=80&w=1080,,,
19,4626,6939,https://images.unsplash.com/photo-1713769920897-eef95e8717f5?ixid=M3w1OTQ4NjF8MHwxfGFsbHwyMHx8fHx8fDJ8fDE3MTQxNDM0NDJ8&ixlib=rb-4.0.3,,,
20,3584,4480,https://images.unsplash.com/photo-1713847735454-ed728f893385?ixid=M3w1OTQ4NjF8MHwxfGFsbHwyMXx8fHx8fDJ8fDE3MTQxNDM0NDN8&ixlib=rb-4.0.3,,,
21,4626,6939,https://images.unsplash.com/photo-1713769920897-eef95e8717f5?crop=entropy&cs=tinysrgb&fit=max&fm=jpg&ixid=M3w1OTQ4NjF8MHwxfGFsbHwyMnx8fHx8fDJ8fDE3MTQxNDM0NDN8&ixlib=rb-4.0.3&q=80&w=1080,,,
22,3200,2133,https://images.unsplash.com/photo-1713783475818-3fdb1a156d79?ixid=M3w1OTQ4NjF8MHwxfGFsbHwyM3x8fHx8fDJ8fDE3MTQxNDM0NDN8&ixlib=rb-4.0.3,,,
23,4480,6720,https://images.unsplash.com/photo-1713526715535-43f5cc19e617?ixid=M3w1OTQ4NjF8MHwxfGFsbHwyNHx8fHx8fDJ8fDE3MTQxNDM0NDN8&ixlib=rb-4.0.3,,,
24,4160,6240,https://images.unsplash.com/photo-1713815712236-cc7e890638d6?crop=entropy&cs=tinysrgb&fit=max&fm=jpg&ixid=M3w1OTQ4NjF8MHwxfGFsbHwyNXx8fHx8fDJ8fDE3MTQxNDM0NDN8&ixlib=rb-4.0.3&q=80&w=1080,,,
25,3456,5184,https://images.unsplash.com/photo-1713978800692-2993b7900a3a?crop=entropy&cs=tinysrgb&fit=max&fm=jpg&ixid=M3w1OTQ4NjF8MHwxfGFsbHwyNnx8fHx8fDJ8fDE3MTQxNDM0NDN8&ixlib=rb-4.0.3&q=80&w=1080,,,
26,4000,6000,https://images.unsplash.com/photo-1713964596209-94c22fde9eb4?crop=entropy&cs=tinysrgb&fit=max&fm=jpg&ixid=M3w1OTQ4NjF8MHwxfGFsbHwyN3x8fHx8fDJ8fDE3MTQxNDM0NDN8&ixlib=rb-4.0.3&q=80&w=1080,,,
27,3333,5000,https://images.unsplash.com/photo-1711725104835-91f1ecc9bd96?ixid=M3w1OTQ4NjF8MHwxfGFsbHwyOHx8fHx8fDJ8fDE3MTQxNDM0NDN8&ixlib=rb-4.0.3,,,
28,3916,2723,https://images.unsplash.com/photo-1710975090685-104b10d615ec?ixid=M3w1OTQ4NjF8MHwxfGFsbHwyOXx8fHx8fDJ8fDE3MTQxNDM0NDN8&ixlib=rb-4.0.3,,,
29,4341,6512,https://images.unsplash.com/photo-1713769931230-eea2834a69af?ixid=M3w1OTQ4NjF8MHwxfGFsbHwzMHx8fHx8fDJ8fDE3MTQxNDM0NDN8&ixlib=rb-4.0.3,,,
30,3916,2723,https://images.unsplash.com/photo-1710975090685-104b10d615ec?crop=entropy&cs=tinysrgb&fit=max&fm=jpg&ixid=M3w1OTQ4NjF8MHwxfGFsbHwzMXx8fHx8fDJ8fDE3MTQxNDM0NDR8&ixlib=rb-4.0.3&q=80&w=1080,,,
31,4341,6512,https://images.unsplash.com/photo-1713769931230-eea2834a69af?crop=entropy&cs=tinysrgb&fit=max&fm=jpg&ixid=M3w1OTQ4NjF8MHwxfGFsbHwzMnx8fHx8fDJ8fDE3MTQxNDM0NDR8&ixlib=rb-4.0.3&q=80&w=1080,,,
32,3200,2133,https://images.unsplash.com/photo-1713962488123-80b6b07a7c64?crop=entropy&cs=tinysrgb&fit=max&fm=jpg&ixid=M3w1OTQ4NjF8MHwxfGFsbHwzM3x8fHx8fDJ8fDE3MTQxNDM0NDR8&ixlib=rb-4.0.3&q=80&w=1080,,,
33,3987,5980,https://images.unsplash.com/photo-1713769921216-df920aa2bddb?ixid=M3w1OTQ4NjF8MHwxfGFsbHwzNHx8fHx8fDJ8fDE3MTQxNDM0NDR8&ixlib=rb-4.0.3,,,
34,5600,8400,https://images.unsplash.com/photo-1713640774386-86b5f18972f3?crop=entropy&cs=tinysrgb&fit=max&fm=jpg&ixid=M3w1OTQ4NjF8MHwxfGFsbHwzNXx8fHx8fDJ8fDE3MTQxNDM0NDR8&ixlib=rb-4.0.3&q=80&w=1080,,,
35,6662,4901,https://images.unsplash.com/photo-1713986719987-fb689460f1f8?crop=entropy&cs=tinysrgb&fit=max&fm=jpg&ixid=M3w1OTQ4NjF8MHwxfGFsbHwzNnx8fHx8fDJ8fDE3MTQxNDM0NDR8&ixlib=rb-4.0.3&q=80&w=1080,,,
36,2560,3200,https://images.unsplash.com/photo-1713962497443-5fadcdb95fc4?crop=entropy&cs=tinysrgb&fit=max&fm=jpg&ixid=M3w1OTQ4NjF8MHwxfGFsbHwzN3x8fHx8fDJ8fDE3MTQxNDM0NDR8&ixlib=rb-4.0.3&q=80&w=1080,,,
37,6166,9184,https://images.unsplash.com/photo-1713990287879-8a6dfa24ef6e?ixid=M3w1OTQ4NjF8MHwxfGFsbHwzOHx8fHx8fDJ8fDE3MTQxNDM0NDR8&ixlib=rb-4.0.3,,,
38,4160,6240,https://images.unsplash.com/photo-1713816823711-c672e21edbc5?crop=entropy&cs=tinysrgb&fit=max&fm=jpg&ixid=M3w1OTQ4NjF8MHwxfGFsbHwzOXx8fHx8fDJ8fDE3MTQxNDM0NDR8&ixlib=rb-4.0.3&q=80&w=1080,,,
39,5444,8179,https://images.unsplash.com/photo-1714052326829-f63c6172382c?ixid=M3w1OTQ4NjF8MHwxfGFsbHw0MHx8fHx8fDJ8fDE3MTQxNDM0NDR8&ixlib=rb-4.0.3,,,
40,4160,6240,https://images.unsplash.com/photo-1713816823711-c672e21edbc5?crop=entropy&cs=tinysrgb&fit=max&fm=jpg&ixid=M3w1OTQ4NjF8MHwxfGFsbHw0MXx8fHx8fDJ8fDE3MTQxNDM0NDV8&ixlib=rb-4.0.3&q=80&w=1080,,,
41,5444,8179,https://images.unsplash.com/photo-1714052326829-f63c6172382c?crop=entropy&cs=tinysrgb&fit=max&fm=jpg&ixid=M3w1OTQ4NjF8MHwxfGFsbHw0Mnx8fHx8fDJ8fDE3MTQxNDM0NDV8&ixlib=rb-4.0.3&q=80&w=1080,,,
42,6240,4160,https://images.unsplash.com/photo-1713815713124-362af0201f3c?crop=entropy&cs=tinysrgb&fit=max&fm=jpg&ixid=M3w1OTQ4NjF8MHwxfGFsbHw0M3x8fHx8fDJ8fDE3MTQxNDM0NDV8&ixlib=rb-4.0.3&q=80&w=1080,,,
43,3097,2063,https://images.unsplash.com/photo-1713968641753-fa6c2be7dd0f?ixid=M3w1OTQ4NjF8MHwxfGFsbHw0NHx8fHx8fDJ8fDE3MTQxNDM0NDV8&ixlib=rb-4.0.3,,,
44,4000,5001,https://images.unsplash.com/photo-1714085164244-e748705d3fd4?crop=entropy&cs=tinysrgb&fit=max&fm=jpg&ixid=M3w1OTQ4NjF8MHwxfGFsbHw0NXx8fHx8fDJ8fDE3MTQxNDM0NDV8&ixlib=rb-4.0.3&q=80&w=1080,,,
45,3200,2133,https://images.unsplash.com/photo-1714075853573-0bbf3c6f1d79?crop=entropy&cs=tinysrgb&fit=max&fm=jpg&ixid=M3w1OTQ4NjF8MHwxfGFsbHw0Nnx8fHx8fDJ8fDE3MTQxNDM0NDV8&ixlib=rb-4.0.3&q=80&w=1080,,,
46,4016,6016,https://images.unsplash.com/photo-1713978931239-5e09e582bf69?ixid=M3w1OTQ4NjF8MHwxfGFsbHw0N3x8fHx8fDJ8fDE3MTQxNDM0NDV8&ixlib=rb-4.0.3,,,
47,3637,2433,https://images.unsplash.com/photo-1713810309146-8fcfa17d700c?ixid=M3w1OTQ4NjF8MHwxfGFsbHw0OHx8fHx8fDJ8fDE3MTQxNDM0NDV8&ixlib=rb-4.0.3,,,
48,6720,4480,https://images.unsplash.com/photo-1714056801323-32eb0b0fd8ae?ixid=M3w1OTQ4NjF8MHwxfGFsbHw0OXx8fHx8fDJ8fDE3MTQxNDM0NDV8&ixlib=rb-4.0.3,,,
49,3790,6000,https://images.unsplash.com/photo-1713781317896-75f337b2db2a?crop=entropy&cs=tinysrgb&fit=max&fm=jpg&ixid=M3w1OTQ4NjF8MHwxfGFsbHw1MHx8fHx8fDJ8fDE3MTQxNDM0NDV8&ixlib=rb-4.0.3&q=80&w=1080,,,
50,6720,4480,https://images.unsplash.com/photo-1714056801323-32eb0b0fd8ae?crop=entropy&cs=tinysrgb&fit=max&fm=jpg&ixid=M3w1OTQ4NjF8MHwxfGFsbHw1MXx8fHx8fDJ8fDE3MTQxNDM0NDZ8&ixlib=rb-4.0.3&q=80&w=1080,,,
51,3790,6000,https://images.unsplash.com/photo-1713781317896-75f337b2db2a?ixid=M3w1OTQ4NjF8MHwxfGFsbHw1Mnx8fHx8fDJ8fDE3MTQxNDM0NDZ8&ixlib=rb-4.0.3,,,
52,2160,2700,https://images.unsplash.com/photo-1713782894016-01154435f4f4?crop=entropy&cs=tinysrgb&fit=max&fm=jpg&ixid=M3w1OTQ4NjF8MHwxfGFsbHw1M3x8fHx8fDJ8fDE3MTQxNDM0NDZ8&ixlib=rb-4.0.3&q=80&w=1080,,,
53,4979,6224,https://images.unsplash.com/photo-1713782522146-3ac703ab3bce?ixid=M3w1OTQ4NjF8MHwxfGFsbHw1NHx8fHx8fDJ8fDE3MTQxNDM0NDZ8&ixlib=rb-4.0.3,,,
54,5638,3759,https://images.unsplash.com/photo-1713781654565-ae4aef23f75b?ixid=M3w1OTQ4NjF8MHwxfGFsbHw1NXx8fHx8fDJ8fDE3MTQxNDM0NDZ8&ixlib=rb-4.0.3,,,
55,5464,6830,https://images.unsplash.com/photo-1713782522357-95a1db5a97e9?ixid=M3w1OTQ4NjF8MHwxfGFsbHw1Nnx8fHx8fDJ8fDE3MTQxNDM0NDZ8&ixlib=rb-4.0.3,,,
56,3456,4608,https://images.unsplash.com/photo-1713439242060-1bb7de4214ac?ixid=M3w1OTQ4NjF8MHwxfGFsbHw1N3x8fHx8fDJ8fDE3MTQxNDM0NDZ8&ixlib=rb-4.0.3,,,
57,3123,4683,https://images.unsplash.com/photo-1713783540689-0ec1a2c272d9?crop=entropy&cs=tinysrgb&fit=max&fm=jpg&ixid=M3w1OTQ4NjF8MHwxfGFsbHw1OHx8fHx8fDJ8fDE3MTQxNDM0NDZ8&ixlib=rb-4.0.3&q=80&w=1080,,,
58,3200,2133,https://images.unsplash.com/photo-1713783479486-312f89193721?crop=entropy&cs=tinysrgb&fit=max&fm=jpg&ixid=M3w1OTQ4NjF8MHwxfGFsbHw1OXx8fHx8fDJ8fDE3MTQxNDM0NDZ8&ixlib=rb-4.0.3&q=80&w=1080,,,
59,5427,6784,https://images.unsplash.com/photo-1713782522418-45329c8ea5ce?crop=entropy&cs=tinysrgb&fit=max&fm=jpg&ixid=M3w1OTQ4NjF8MHwxfGFsbHw2MHx8fHx8fDJ8fDE3MTQxNDM0NDZ8&ixlib=rb-4.0.3&q=80&w=1080,,,
60,3200,2133,https://images.unsplash.com/photo-1713783479486-312f89193721?crop=entropy&cs=tinysrgb&fit=max&fm=jpg&ixid=M3w1OTQ4NjF8MHwxfGFsbHw2MXx8fHx8fDJ8fDE3MTQxNDM0NDd8&ixlib=rb-4.0.3&q=80&w=1080,,,
61,5427,6784,https://images.unsplash.com/photo-1713782522418-45329c8ea5ce?ixid=M3w1OTQ4NjF8MHwxfGFsbHw2Mnx8fHx8fDJ8fDE3MTQxNDM0NDd8&ixlib=rb-4.0.3,,,
62,4480,6720,https://images.unsplash.com/photo-1713878842843-947d3d770b87?crop=entropy&cs=tinysrgb&fit=max&fm=jpg&ixid=M3w1OTQ4NjF8MHwxfGFsbHw2M3x8fHx8fDJ8fDE3MTQxNDM0NDd8&ixlib=rb-4.0.3&q=80&w=1080,,,
63,4453,6425,https://images.unsplash.com/photo-1713646195420-b92887a4b570?ixid=M3w1OTQ4NjF8MHwxfGFsbHw2NHx8fHx8fDJ8fDE3MTQxNDM0NDd8&ixlib=rb-4.0.3,,,
64,5552,3701,https://images.unsplash.com/photo-1713888488745-fff63f58d157?ixid=M3w1OTQ4NjF8MHwxfGFsbHw2NXx8fHx8fDJ8fDE3MTQxNDM0NDd8&ixlib=rb-4.0.3,,,
65,6000,4000,https://images.unsplash.com/photo-1713894708806-bc01a6bed8e3?ixid=M3w1OTQ4NjF8MHwxfGFsbHw2Nnx8fHx8fDJ8fDE3MTQxNDM0NDd8&ixlib=rb-4.0.3,,,
66,4416,2944,https://images.unsplash.com/photo-1713885248266-51f2ae5afecd?crop=entropy&cs=tinysrgb&fit=max&fm=jpg&ixid=M3w1OTQ4NjF8MHwxfGFsbHw2N3x8fHx8fDJ8fDE3MTQxNDM0NDd8&ixlib=rb-4.0.3&q=80&w=1080,,,
67,3946,5919,https://images.unsplash.com/photo-1670439073919-2a95bb16ea56?ixid=M3w1OTQ4NjF8MHwxfGFsbHw2OHx8fHx8fDJ8fDE3MTQxNDM0NDd8&ixlib=rb-4.0.3,,,
68,4160,6240,https://images.unsplash.com/photo-1654010816950-55f59acb385a?crop=entropy&cs=tinysrgb&fit=max&fm=jpg&ixid=M3w1OTQ4NjF8MHwxfGFsbHw2OXx8fHx8fDJ8fDE3MTQxNDM0NDd8&ixlib=rb-4.0.3&q=80&w=1080,,,
69,3307,4960,https://images.unsplash.com/photo-1713971346394-6030222f7ca2?ixid=M3w1OTQ4NjF8MHwxfGFsbHw3MHx8fHx8fDJ8fDE3MTQxNDM0NDd8&ixlib=rb-4.0.3,,,
70,4160,6240,https://images.unsplash.com/photo-1654010816950-55f59acb385a?ixid=M3w1OTQ4NjF8MHwxfGFsbHw3MXx8fHx8fDJ8fDE3MTQxNDM0NDh8&ixlib=rb-4.0.3,,,
71,3307,4960,https://images.unsplash.com/photo-1713971346394-6030222f7ca2?crop=entropy&cs=tinysrgb&fit=max&fm=jpg&ixid=M3w1OTQ4NjF8MHwxfGFsbHw3Mnx8fHx8fDJ8fDE3MTQxNDM0NDh8&ixlib=rb-4.0.3&q=80&w=1080,,,
72,6090,3806,https://images.unsplash.com/photo-1713972327618-381d95481ca2?ixid=M3w1OTQ4NjF8MHwxfGFsbHw3M3x8fHx8fDJ8fDE3MTQxNDM0NDh8&ixlib=rb-4.0.3,,,
73,4160,6240,https://images.unsplash.com/photo-1713749457805-d7a17ad1a89b?ixid=M3w1OTQ4NjF8MHwxfGFsbHw3NHx8fHx8fDJ8fDE3MTQxNDM0NDh8&ixlib=rb-4.0.3,,,
74,4160,6240,https://images.unsplash.com/photo-1713709165253-1d80397cc8c6?ixid=M3w1OTQ4NjF8MHwxfGFsbHw3NXx8fHx8fDJ8fDE3MTQxNDM0NDh8&ixlib=rb-4.0.3,,,
75,3960,5317,https://images.unsplash.com/photo-1713973573211-7f282ce309ad?ixid=M3w1OTQ4NjF8MHwxfGFsbHw3Nnx8fHx8fDJ8fDE3MTQxNDM0NDh8&ixlib=rb-4.0.3,,,
76,6000,4000,https://images.unsplash.com/photo-1713877561507-881bf3b1c310?crop=entropy&cs=tinysrgb&fit=max&fm=jpg&ixid=M3w1OTQ4NjF8MHwxfGFsbHw3N3x8fHx8fDJ8fDE3MTQxNDM0NDh8&ixlib=rb-4.0.3&q=80&w=1080,,,
77,4160,6240,https://images.unsplash.com/photo-1713789521123-b67d1066ea51?ixid=M3w1OTQ4NjF8MHwxfGFsbHw3OHx8fHx8fDJ8fDE3MTQxNDM0NDh8&ixlib=rb-4.0.3,,,
78,6101,4203,https://images.unsplash.com/photo-1713813091625-14e76a62a72c?ixid=M3w1OTQ4NjF8MHwxfGFsbHw3OXx8fHx8fDJ8fDE3MTQxNDM0NDh8&ixlib=rb-4.0.3,,,
79,2160,2700,https://images.unsplash.com/photo-1713471288083-d67cf693f448?ixid=M3w1OTQ4NjF8MHwxfGFsbHw4MHx8fHx8fDJ8fDE3MTQxNDM0NDh8&ixlib=rb-4.0.3,,,
80,6101,4203,https://images.unsplash.com/photo-1713813091625-14e76a62a72c?ixid=M3w1OTQ4NjF8MHwxfGFsbHw4MXx8fHx8fDJ8fDE3MTQxNDM0NDh8&ixlib=rb-4.0.3,,,
81,2160,2700,https://images.unsplash.com/photo-1713471288083-d67cf693f448?ixid=M3w1OTQ4NjF8MHwxfGFsbHw4Mnx8fHx8fDJ8fDE3MTQxNDM0NDh8&ixlib=rb-4.0.3,,,
82,3278,4917,https://images.unsplash.com/photo-1713204641929-13d89fc98651?ixid=M3w1OTQ4NjF8MHwxfGFsbHw4M3x8fHx8fDJ8fDE3MTQxNDM0NDh8&ixlib=rb-4.0.3,,,
83,3200,2133,https://images.unsplash.com/photo-1713453054079-7231d9c7d521?ixid=M3w1OTQ4NjF8MHwxfGFsbHw4NHx8fHx8fDJ8fDE3MTQxNDM0NDh8&ixlib=rb-4.0.3,,,
84,4000,6000,https://images.unsplash.com/photo-1713907908481-ad7a7b0d1085?crop=entropy&cs=tinysrgb&fit=max&fm=jpg&ixid=M3w1OTQ4NjF8MHwxfGFsbHw4NXx8fHx8fDJ8fDE3MTQxNDM0NDh8&ixlib=rb-4.0.3&q=80&w=1080,,,
85,4016,6016,https://images.unsplash.com/photo-1713961598264-8d724cb9e950?ixid=M3w1OTQ4NjF8MHwxfGFsbHw4Nnx8fHx8fDJ8fDE3MTQxNDM0NDh8&ixlib=rb-4.0.3,,,
86,4220,6330,https://images.unsplash.com/photo-1713984494005-23b90bb6de9e?crop=entropy&cs=tinysrgb&fit=max&fm=jpg&ixid=M3w1OTQ4NjF8MHwxfGFsbHw4N3x8fHx8fDJ8fDE3MTQxNDM0NDh8&ixlib=rb-4.0.3&q=80&w=1080,,,
87,4160,6240,https://images.unsplash.com/photo-1713810351163-3cb63c5228ba?ixid=M3w1OTQ4NjF8MHwxfGFsbHw4OHx8fHx8fDJ8fDE3MTQxNDM0NDh8&ixlib=rb-4.0.3,,,
88,7903,5225,https://images.unsplash.com/photo-1713815540987-0324b70c33cc?crop=entropy&cs=tinysrgb&fit=max&fm=jpg&ixid=M3w1OTQ4NjF8MHwxfGFsbHw4OXx8fHx8fDJ8fDE3MTQxNDM0NDh8&ixlib=rb-4.0.3&q=80&w=1080,,,
89,4160,6240,https://images.unsplash.com/photo-1713815713459-c4b9c6337b9d?crop=entropy&cs=tinysrgb&fit=max&fm=jpg&ixid=M3w1OTQ4NjF8MHwxfGFsbHw5MHx8fHx8fDJ8fDE3MTQxNDM0NDh8&ixlib=rb-4.0.3&q=80&w=1080,,,
90,7903,5225,https://images.unsplash.com/photo-1713815540987-0324b70c33cc?crop=entropy&cs=tinysrgb&fit=max&fm=jpg&ixid=M3w1OTQ4NjF8MHwxfGFsbHw5MXx8fHx8fDJ8fDE3MTQxNDM0NDl8&ixlib=rb-4.0.3&q=80&w=1080,,,
91,4160,6240,https://images.unsplash.com/photo-1713815713459-c4b9c6337b9d?crop=entropy&cs=tinysrgb&fit=max&fm=jpg&ixid=M3w1OTQ4NjF8MHwxfGFsbHw5Mnx8fHx8fDJ8fDE3MTQxNDM0NDl8&ixlib=rb-4.0.3&q=80&w=1080,,,
92,2121,2828,https://images.unsplash.com/photo-1701978936080-d19731a1af8e?crop=entropy&cs=tinysrgb&fit=max&fm=jpg&ixid=M3w1OTQ4NjF8MHwxfGFsbHw5M3x8fHx8fDJ8fDE3MTQxNDM0NDl8&ixlib=rb-4.0.3&q=80&w=1080,,,
93,2121,2828,https://images.unsplash.com/photo-1713707948927-784d3102d6a2?crop=entropy&cs=tinysrgb&fit=max&fm=jpg&ixid=M3w1OTQ4NjF8MHwxfGFsbHw5NHx8fHx8fDJ8fDE3MTQxNDM0NDl8&ixlib=rb-4.0.3&q=80&w=1080,,,
94,4160,6240,https://images.unsplash.com/photo-1713815713585-e0998fa6c8bf?ixid=M3w1OTQ4NjF8MHwxfGFsbHw5NXx8fHx8fDJ8fDE3MTQxNDM0NDl8&ixlib=rb-4.0.3,,,
95,3946,5919,https://images.unsplash.com/photo-1713553579944-5f8a041eeae5?crop=entropy&cs=tinysrgb&fit=max&fm=jpg&ixid=M3w1OTQ4NjF8MHwxfGFsbHw5Nnx8fHx8fDJ8fDE3MTQxNDM0NDl8&ixlib=rb-4.0.3&q=80&w=1080,,,
96,2641,3961,https://images.unsplash.com/photo-1713902115860-03ca793849f5?ixid=M3w1OTQ4NjF8MHwxfGFsbHw5N3x8fHx8fDJ8fDE3MTQxNDM0NDl8&ixlib=rb-4.0.3,,,
97,3944,7008,https://images.unsplash.com/photo-1690575539214-eb0ade6cdd4d?crop=entropy&cs=tinysrgb&fit=max&fm=jpg&ixid=M3w1OTQ4NjF8MHwxfGFsbHw5OHx8fHx8fDJ8fDE3MTQxNDM0NDl8&ixlib=rb-4.0.3&q=80&w=1080,,,
98,3200,2133,https://images.unsplash.com/photo-1713184355726-d3a31d822fcc?crop=entropy&cs=tinysrgb&fit=max&fm=jpg&ixid=M3w1OTQ4NjF8MHwxfGFsbHw5OXx8fHx8fDJ8fDE3MTQxNDM0NDl8&ixlib=rb-4.0.3&q=80&w=1080,,,
99,6844,4207,https://images.unsplash.com/photo-1713815540178-8322b898a2c4?ixid=M3w1OTQ4NjF8MHwxfGFsbHwxMDB8fHx8fHwyfHwxNzE0MTQzNDQ5fA&ixlib=rb-4.0.3,,,
100,3200,2133,https://images.unsplash.com/photo-1713184355726-d3a31d822fcc?crop=entropy&cs=tinysrgb&fit=max&fm=jpg&ixid=M3w1OTQ4NjF8MHwxfGFsbHwxMDF8fHx8fHwyfHwxNzE0MTQzNDQ5fA&ixlib=rb-4.0.3&q=80&w=1080,,,
101,6844,4207,https://images.unsplash.com/photo-1713815540178-8322b898a2c4?ixid=M3w1OTQ4NjF8MHwxfGFsbHwxMDJ8fHx8fHwyfHwxNzE0MTQzNDQ5fA&ixlib=rb-4.0.3,,,
102,3276,2143,https://images.unsplash.com/photo-1713774590628-6af0be775ef0?ixid=M3w1OTQ4NjF8MHwxfGFsbHwxMDN8fHx8fHwyfHwxNzE0MTQzNDQ5fA&ixlib=rb-4.0.3,,,
103,3400,5100,https://images.unsplash.com/photo-1713847243126-ff9ec9b40db9?crop=entropy&cs=tinysrgb&fit=max&fm=jpg&ixid=M3w1OTQ4NjF8MHwxfGFsbHwxMDR8fHx8fHwyfHwxNzE0MTQzNDQ5fA&ixlib=rb-4.0.3&q=80&w=1080,,,
104,4160,6240,https://images.unsplash.com/photo-1713810211578-87d0dc635917?ixid=M3w1OTQ4NjF8MHwxfGFsbHwxMDV8fHx8fHwyfHwxNzE0MTQzNDQ5fA&ixlib=rb-4.0.3,,,
105,4480,6720,https://images.unsplash.com/photo-1713952216280-294a8665ea63?crop=entropy&cs=tinysrgb&fit=max&fm=jpg&ixid=M3w1OTQ4NjF8MHwxfGFsbHwxMDZ8fHx8fHwyfHwxNzE0MTQzNDQ5fA&ixlib=rb-4.0.3&q=80&w=1080,,,
106,4160,6240,https://images.unsplash.com/photo-1713885248304-5df509967fc1?crop=entropy&cs=tinysrgb&fit=max&fm=jpg&ixid=M3w1OTQ4NjF8MHwxfGFsbHwxMDd8fHx8fHwyfHwxNzE0MTQzNDQ5fA&ixlib=rb-4.0.3&q=80&w=1080,,,
107,6000,4000,https://images.unsplash.com/photo-1713553680479-5b5949ca780f?crop=entropy&cs=tinysrgb&fit=max&fm=jpg&ixid=M3w1OTQ4NjF8MHwxfGFsbHwxMDh8fHx8fHwyfHwxNzE0MTQzNDQ5fA&ixlib=rb-4.0.3&q=80&w=1080,,,
108,3985,4982,https://images.unsplash.com/photo-1713885118338-e75128200706?ixid=M3w1OTQ4NjF8MHwxfGFsbHwxMDl8fHx8fHwyfHwxNzE0MTQzNDQ5fA&ixlib=rb-4.0.3,,,
109,4000,6000,https://images.unsplash.com/photo-1713263632284-814b472419ea?ixid=M3w1OTQ4NjF8MHwxfGFsbHwxMTB8fHx8fHwyfHwxNzE0MTQzNDQ5fA&ixlib=rb-4.0.3,,,
110,3985,4982,https://images.unsplash.com/photo-1713885118338-e75128200706?ixid=M3w1OTQ4NjF8MHwxfGFsbHwxMTF8fHx8fHwyfHwxNzE0MTQzNDUwfA&ixlib=rb-4.0.3,,,
111,4000,6000,https://images.unsplash.com/photo-1713263632284-814b472419ea?ixid=M3w1OTQ4NjF8MHwxfGFsbHwxMTJ8fHx8fHwyfHwxNzE0MTQzNDUwfA&ixlib=rb-4.0.3,,,
112,4024,6048,https://images.unsplash.com/photo-1713948774998-c94bfccd572a?ixid=M3w1OTQ4NjF8MHwxfGFsbHwxMTN8fHx8fHwyfHwxNzE0MTQzNDUwfA&ixlib=rb-4.0.3,,,
113,2160,3200,https://images.unsplash.com/photo-1713768704571-6aeb0d0e5105?ixid=M3w1OTQ4NjF8MHwxfGFsbHwxMTR8fHx8fHwyfHwxNzE0MTQzNDUwfA&ixlib=rb-4.0.3,,,
114,4000,6000,https://images.unsplash.com/photo-1712673535607-d3586895d914?crop=entropy&cs=tinysrgb&fit=max&fm=jpg&ixid=M3w1OTQ4NjF8MHwxfGFsbHwxMTV8fHx8fHwyfHwxNzE0MTQzNDUwfA&ixlib=rb-4.0.3&q=80&w=1080,,,
115,6048,8064,https://images.unsplash.com/photo-1680422273918-5f1d443272a5?crop=entropy&cs=tinysrgb&fit=max&fm=jpg&ixid=M3w1OTQ4NjF8MHwxfGFsbHwxMTZ8fHx8fHwyfHwxNzE0MTQzNDUwfA&ixlib=rb-4.0.3&q=80&w=1080,,,
116,2916,3645,https://images.unsplash.com/photo-1711705422785-1080757d3c84?ixid=M3w1OTQ4NjF8MHwxfGFsbHwxMTd8fHx8fHwyfHwxNzE0MTQzNDUwfA&ixlib=rb-4.0.3,,,
117,3255,2160,https://images.unsplash.com/photo-1713903748969-fd089c74fc07?ixid=M3w1OTQ4NjF8MHwxfGFsbHwxMTh8fHx8fHwyfHwxNzE0MTQzNDUwfA&ixlib=rb-4.0.3,,,
118,4912,7360,https://images.unsplash.com/photo-1708261432863-41fdab7b5de9?crop=entropy&cs=tinysrgb&fit=max&fm=jpg&ixid=M3w1OTQ4NjF8MHwxfGFsbHwxMTl8fHx8fHwyfHwxNzE0MTQzNDUwfA&ixlib=rb-4.0.3&q=80&w=1080,,,
119,4583,6874,https://images.unsplash.com/photo-1713528192259-c3514aa54224?ixid=M3w1OTQ4NjF8MHwxfGFsbHwxMjB8fHx8fHwyfHwxNzE0MTQzNDUwfA&ixlib=rb-4.0.3,,,
120,4912,7360,https://images.unsplash.com/photo-1708261432863-41fdab7b5de9?crop=entropy&cs=tinysrgb&fit=max&fm=jpg&ixid=M3w1OTQ4NjF8MHwxfGFsbHwxMjF8fHx8fHwyfHwxNzE0MTQzNDUwfA&ixlib=rb-4.0.3&q=80&w=1080,,,
121,4583,6874,https://images.unsplash.com/photo-1713528192259-c3514aa54224?crop=entropy&cs=tinysrgb&fit=max&fm=jpg&ixid=M3w1OTQ4NjF8MHwxfGFsbHwxMjJ8fHx8fHwyfHwxNzE0MTQzNDUwfA&ixlib=rb-4.0.3&q=80&w=1080,,,
122,5488,3876,https://images.unsplash.com/photo-1713813879455-aaab0cd2b904?ixid=M3w1OTQ4NjF8MHwxfGFsbHwxMjN8fHx8fHwyfHwxNzE0MTQzNDUwfA&ixlib=rb-4.0.3,,,
123,4912,7360,https://images.unsplash.com/photo-1713252579588-641976f56ff5?ixid=M3w1OTQ4NjF8MHwxfGFsbHwxMjR8fHx8fHwyfHwxNzE0MTQzNDUwfA&ixlib=rb-4.0.3,,,
124,6000,3368,https://images.unsplash.com/photo-1713541493823-2238651de0a1?crop=entropy&cs=tinysrgb&fit=max&fm=jpg&ixid=M3w1OTQ4NjF8MHwxfGFsbHwxMjV8fHx8fHwyfHwxNzE0MTQzNDUwfA&ixlib=rb-4.0.3&q=80&w=1080,,,
125,4000,6000,https://images.unsplash.com/photo-1713701252745-893fd9cc2005?ixid=M3w1OTQ4NjF8MHwxfGFsbHwxMjZ8fHx8fHwyfHwxNzE0MTQzNDUwfA&ixlib=rb-4.0.3,,,
126,4986,3324,https://images.unsplash.com/photo-1713882717490-b1d3ba1b5384?ixid=M3w1OTQ4NjF8MHwxfGFsbHwxMjd8fHx8fHwyfHwxNzE0MTQzNDUwfA&ixlib=rb-4.0.3,,,
127,4016,6016,https://images.unsplash.com/photo-1713791234907-0daa87dfd658?crop=entropy&cs=tinysrgb&fit=max&fm=jpg&ixid=M3w1OTQ4NjF8MHwxfGFsbHwxMjh8fHx8fHwyfHwxNzE0MTQzNDUwfA&ixlib=rb-4.0.3&q=80&w=1080,,,
128,4000,6000,https://images.unsplash.com/photo-1713527556215-5ec8c70a3942?ixid=M3w1OTQ4NjF8MHwxfGFsbHwxMjl8fHx8fHwyfHwxNzE0MTQzNDUwfA&ixlib=rb-4.0.3,,,
129,4200,5250,https://images.unsplash.com/photo-1713748241765-820752633244?crop=entropy&cs=tinysrgb&fit=max&fm=jpg&ixid=M3w1OTQ4NjF8MHwxfGFsbHwxMzB8fHx8fHwyfHwxNzE0MTQzNDUwfA&ixlib=rb-4.0.3&q=80&w=1080,,,
130,4000,6000,https://images.unsplash.com/photo-1713527556215-5ec8c70a3942?crop=entropy&cs=tinysrgb&fit=max&fm=jpg&ixid=M3w1OTQ4NjF8MHwxfGFsbHwxMzF8fHx8fHwyfHwxNzE0MTQzNDUxfA&ixlib=rb-4.0.3&q=80&w=1080,,,
131,4200,5250,https://images.unsplash.com/photo-1713748241765-820752633244?crop=entropy&cs=tinysrgb&fit=max&fm=jpg&ixid=M3w1OTQ4NjF8MHwxfGFsbHwxMzJ8fHx8fHwyfHwxNzE0MTQzNDUxfA&ixlib=rb-4.0.3&q=80&w=1080,,,
132,3360,5040,https://images.unsplash.com/photo-1708489693404-c1d41fdbe04c?crop=entropy&cs=tinysrgb&fit=max&fm=jpg&ixid=M3w1OTQ4NjF8MHwxfGFsbHwxMzN8fHx8fHwyfHwxNzE0MTQzNDUxfA&ixlib=rb-4.0.3&q=80&w=1080,,,
133,3000,5333,https://images.unsplash.com/photo-1713694847163-f9fce967c146?ixid=M3w1OTQ4NjF8MHwxfGFsbHwxMzR8fHx8fHwyfHwxNzE0MTQzNDUxfA&ixlib=rb-4.0.3,,,
134,4043,6064,https://images.unsplash.com/photo-1713283546996-58ebbb6d02a5?crop=entropy&cs=tinysrgb&fit=max&fm=jpg&ixid=M3w1OTQ4NjF8MHwxfGFsbHwxMzV8fHx8fHwyfHwxNzE0MTQzNDUxfA&ixlib=rb-4.0.3&q=80&w=1080,,,
135,3712,5568,https://images.unsplash.com/photo-1713480841807-bf272a1f6baf?crop=entropy&cs=tinysrgb&fit=max&fm=jpg&ixid=M3w1OTQ4NjF8MHwxfGFsbHwxMzZ8fHx8fHwyfHwxNzE0MTQzNDUxfA&ixlib=rb-4.0.3&q=80&w=1080,,,
136,3888,5184,https://images.unsplash.com/photo-1711109631731-f3ae890bf2ad?crop=entropy&cs=tinysrgb&fit=max&fm=jpg&ixid=M3w1OTQ4NjF8MHwxfGFsbHwxMzd8fHx8fHwyfHwxNzE0MTQzNDUxfA&ixlib=rb-4.0.3&q=80&w=1080,,,
137,2624,3936,https://images.unsplash.com/photo-1713746888221-2cc8dc37cad7?crop=entropy&cs=tinysrgb&fit=max&fm=jpg&ixid=M3w1OTQ4NjF8MHwxfGFsbHwxMzh8fHx8fHwyfHwxNzE0MTQzNDUxfA&ixlib=rb-4.0.3&q=80&w=1080,,,
138,4000,6000,https://images.unsplash.com/photo-1713792003769-d87da4e9b706?crop=entropy&cs=tinysrgb&fit=max&fm=jpg&ixid=M3w1OTQ4NjF8MHwxfGFsbHwxMzl8fHx8fHwyfHwxNzE0MTQzNDUxfA&ixlib=rb-4.0.3&q=80&w=1080,,,
139,5609,7011,https://images.unsplash.com/photo-1680194983739-aecf445c4cf4?ixid=M3w1OTQ4NjF8MHwxfGFsbHwxNDB8fHx8fHwyfHwxNzE0MTQzNDUxfA&ixlib=rb-4.0.3,,,
140,4000,6000,https://images.unsplash.com/photo-1713792003769-d87da4e9b706?crop=entropy&cs=tinysrgb&fit=max&fm=jpg&ixid=M3w1OTQ4NjF8MHwxfGFsbHwxNDF8fHx8fHwyfHwxNzE0MTQzNDUxfA&ixlib=rb-4.0.3&q=80&w=1080,,,
141,5609,7011,https://images.unsplash.com/photo-1680194983739-aecf445c4cf4?ixid=M3w1OTQ4NjF8MHwxfGFsbHwxNDJ8fHx8fHwyfHwxNzE0MTQzNDUxfA&ixlib=rb-4.0.3,,,
142,3267,4900,https://images.unsplash.com/photo-1713719940516-0600dc260811?crop=entropy&cs=tinysrgb&fit=max&fm=jpg&ixid=M3w1OTQ4NjF8MHwxfGFsbHwxNDN8fHx8fHwyfHwxNzE0MTQzNDUxfA&ixlib=rb-4.0.3&q=80&w=1080,,,
143,4672,7008,https://images.unsplash.com/photo-1713498566844-e466c2f29d4b?crop=entropy&cs=tinysrgb&fit=max&fm=jpg&ixid=M3w1OTQ4NjF8MHwxfGFsbHwxNDR8fHx8fHwyfHwxNzE0MTQzNDUxfA&ixlib=rb-4.0.3&q=80&w=1080,,,
144,4672,7008,https://images.unsplash.com/photo-1713734629481-1cefab24e325?ixid=M3w1OTQ4NjF8MHwxfGFsbHwxNDV8fHx8fHwyfHwxNzE0MTQzNDUxfA&ixlib=rb-4.0.3,,,
145,4143,2767,https://images.unsplash.com/photo-1713719318459-493d3e37533e?ixid=M3w1OTQ4NjF8MHwxfGFsbHwxNDZ8fHx8fHwyfHwxNzE0MTQzNDUxfA&ixlib=rb-4.0.3,,,
146,4160,6240,https://images.unsplash.com/photo-1713735963670-67cf1914a178?crop=entropy&cs=tinysrgb&fit=max&fm=jpg&ixid=M3w1OTQ4NjF8MHwxfGFsbHwxNDd8fHx8fHwyfHwxNzE0MTQzNDUxfA&ixlib=rb-4.0.3&q=80&w=1080,,,
147,4427,6641,https://images.unsplash.com/photo-1713526553076-ee6322b5a70c?ixid=M3w1OTQ4NjF8MHwxfGFsbHwxNDh8fHx8fHwyfHwxNzE0MTQzNDUxfA&ixlib=rb-4.0.3,,,
148,2592,3888,https://images.unsplash.com/photo-1713771498553-e75ecfaa8e8c?crop=entropy&cs=tinysrgb&fit=max&fm=jpg&ixid=M3w1OTQ4NjF8MHwxfGFsbHwxNDl8fHx8fHwyfHwxNzE0MTQzNDUxfA&ixlib=rb-4.0.3&q=80&w=1080,,,
149,5404,3603,https://images.unsplash.com/photo-1713719940779-1436ea717038?ixid=M3w1OTQ4NjF8MHwxfGFsbHwxNTB8fHx8fHwyfHwxNzE0MTQzNDUxfA&ixlib=rb-4.0.3,,,
150,2592,3888,https://images.unsplash.com/photo-1713771498553-e75ecfaa8e8c?crop=entropy&cs=tinysrgb&fit=max&fm=jpg&ixid=M3w1OTQ4NjF8MHwxfGFsbHwxNTF8fHx8fHwyfHwxNzE0MTQzNDUyfA&ixlib=rb-4.0.3&q=80&w=1080,,,
151,5404,3603,https://images.unsplash.com/photo-1713719940779-1436ea717038?crop=entropy&cs=tinysrgb&fit=max&fm=jpg&ixid=M3w1OTQ4NjF8MHwxfGFsbHwxNTJ8fHx8fHwyfHwxNzE0MTQzNDUyfA&ixlib=rb-4.0.3&q=80&w=1080,,,
152,3200,4800,https://images.unsplash.com/photo-1713793812520-cc09fb00d44e?crop=entropy&cs=tinysrgb&fit=max&fm=jpg&ixid=M3w1OTQ4NjF8MHwxfGFsbHwxNTN8fHx8fHwyfHwxNzE0MTQzNDUyfA&ixlib=rb-4.0.3&q=80&w=1080,,,
153,4463,4463,https://images.unsplash.com/photo-1713847663181-2f7b22970ef5?ixid=M3w1OTQ4NjF8MHwxfGFsbHwxNTR8fHx8fHwyfHwxNzE0MTQzNDUyfA&ixlib=rb-4.0.3,,,
154,4160,6240,https://images.unsplash.com/photo-1713789573551-b79d84dc9dfc?crop=entropy&cs=tinysrgb&fit=max&fm=jpg&ixid=M3w1OTQ4NjF8MHwxfGFsbHwxNTV8fHx8fHwyfHwxNzE0MTQzNDUyfA&ixlib=rb-4.0.3&q=80&w=1080,,,
155,8031,4517,https://images.unsplash.com/photo-1713782522314-caab46f64c79?crop=entropy&cs=tinysrgb&fit=max&fm=jpg&ixid=M3w1OTQ4NjF8MHwxfGFsbHwxNTZ8fHx8fHwyfHwxNzE0MTQzNDUyfA&ixlib=rb-4.0.3&q=80&w=1080,,,
156,4016,6016,https://images.unsplash.com/photo-1713847177191-318d6ab96e62?crop=entropy&cs=tinysrgb&fit=max&fm=jpg&ixid=M3w1OTQ4NjF8MHwxfGFsbHwxNTd8fHx8fHwyfHwxNzE0MTQzNDUyfA&ixlib=rb-4.0.3&q=80&w=1080,,,
157,3165,3956,https://images.unsplash.com/photo-1713847687116-0bd1218d3bc7?ixid=M3w1OTQ4NjF8MHwxfGFsbHwxNTh8fHx8fHwyfHwxNzE0MTQzNDUyfA&ixlib=rb-4.0.3,,,
158,6761,4467,https://images.unsplash.com/photo-1713692354132-03b7090c44a5?ixid=M3w1OTQ4NjF8MHwxfGFsbHwxNTl8fHx8fHwyfHwxNzE0MTQzNDUyfA&ixlib=rb-4.0.3,,,
159,6720,4480,https://images.unsplash.com/photo-1713526730787-5b9b2b6cc66f?crop=entropy&cs=tinysrgb&fit=max&fm=jpg&ixid=M3w1OTQ4NjF8MHwxfGFsbHwxNjB8fHx8fHwyfHwxNzE0MTQzNDUyfA&ixlib=rb-4.0.3&q=80&w=1080,,,
160,6761,4467,https://images.unsplash.com/photo-1713692354132-03b7090c44a5?ixid=M3w1OTQ4NjF8MHwxfGFsbHwxNjF8fHx8fHwyfHwxNzE0MTQzNDUyfA&ixlib=rb-4.0.3,,,
161,6720,4480,https://images.unsplash.com/photo-1713526730787-5b9b2b6cc66f?crop=entropy&cs=tinysrgb&fit=max&fm=jpg&ixid=M3w1OTQ4NjF8MHwxfGFsbHwxNjJ8fHx8fHwyfHwxNzE0MTQzNDUyfA&ixlib=rb-4.0.3&q=80&w=1080,,,
162,4000,6000,https://images.unsplash.com/photo-1713811248658-266de384a9ff?crop=entropy&cs=tinysrgb&fit=max&fm=jpg&ixid=M3w1OTQ4NjF8MHwxfGFsbHwxNjN8fHx8fHwyfHwxNzE0MTQzNDUyfA&ixlib=rb-4.0.3&q=80&w=1080,,,
163,2560,3200,https://images.unsplash.com/photo-1713707133573-55023cb5d283?crop=entropy&cs=tinysrgb&fit=max&fm=jpg&ixid=M3w1OTQ4NjF8MHwxfGFsbHwxNjR8fHx8fHwyfHwxNzE0MTQzNDUyfA&ixlib=rb-4.0.3&q=80&w=1080,,,
164,3448,4592,https://images.unsplash.com/photo-1713663844719-349dc94cac17?crop=entropy&cs=tinysrgb&fit=max&fm=jpg&ixid=M3w1OTQ4NjF8MHwxfGFsbHwxNjV8fHx8fHwyfHwxNzE0MTQzNDUyfA&ixlib=rb-4.0.3&q=80&w=1080,,,
165,2832,4240,https://images.unsplash.com/photo-1713664331413-271b72b31f61?crop=entropy&cs=tinysrgb&fit=max&fm=jpg&ixid=M3w1OTQ4NjF8MHwxfGFsbHwxNjZ8fHx8fHwyfHwxNzE0MTQzNDUyfA&ixlib=rb-4.0.3&q=80&w=1080,,,
166,5897,3931,https://images.unsplash.com/photo-1713624130701-b77e59e03ce6?ixid=M3w1OTQ4NjF8MHwxfGFsbHwxNjd8fHx8fHwyfHwxNzE0MTQzNDUyfA&ixlib=rb-4.0.3,,,
167,4346,5432,https://images.unsplash.com/photo-1713746738119-b6ae17a226bb?ixid=M3w1OTQ4NjF8MHwxfGFsbHwxNjh8fHx8fHwyfHwxNzE0MTQzNDUyfA&ixlib=rb-4.0.3,,,
168,3200,2133,https://images.unsplash.com/photo-1713783674024-a5bfd764b73f?crop=entropy&cs=tinysrgb&fit=max&fm=jpg&ixid=M3w1OTQ4NjF8MHwxfGFsbHwxNjl8fHx8fHwyfHwxNzE0MTQzNDUyfA&ixlib=rb-4.0.3&q=80&w=1080,,,
169,5150,3668,https://images.unsplash.com/photo-1711598850168-ae7592efc741?ixid=M3w1OTQ4NjF8MHwxfGFsbHwxNzB8fHx8fHwyfHwxNzE0MTQzNDUyfA&ixlib=rb-4.0.3,,,
170,5000,3333,https://unsplash.com/photos/yC-Yzbqy7PY,0,Alejandro Escamilla,https://picsum.photos/id/0/5000/3333
171,5000,3333,https://unsplash.com/photos/LNRyGwIJr5c,1,Alejandro Escamilla,https://picsum.photos/id/1/5000/3333
172,5000,3333,https://unsplash.com/photos/N7XodRrbzS0,2,Alejandro Escamilla,https://picsum.photos/id/2/5000/3333
173,5000,3333,https://unsplash.com/photos/Dl6jeyfihLk,3,Alejandro Escamilla,https://picsum.photos/id/3/5000/3333
174,5000,3333,https://unsplash.com/photos/y83Je1OC6Wc,4,Alejandro Escamilla,https://picsum.photos/id/4/5000/3333
175,5000,3334,https://unsplash.com/photos/LF8gK8-HGSg,5,Alejandro Escamilla,https://picsum.photos/id/5/5000/3334
176,5000,3333,https://unsplash.com/photos/tAKXap853rY,6,Alejandro Escamilla,https://picsum.photos/id/6/5000/3333
177,4728,3168,https://unsplash.com/photos/BbQLHCpVUqA,7,Alejandro Escamilla,https://picsum.photos/id/7/4728/3168
178,5000,3333,https://unsplash.com/photos/xII7efH1G6o,8,Alejandro Escamilla,https://picsum.photos/id/8/5000/3333
179,5000,3269,https://unsplash.com/photos/ABDTiLqDhJA,9,Alejandro Escamilla,https://picsum.photos/id/9/5000/3269
180,2500,1667,https://unsplash.com/photos/6J--NXulQCs,10,Paul Jarvis,https://picsum.photos/id/10/2500/1667
181,2500,1667,https://unsplash.com/photos/Cm7oKel-X2Q,11,Paul Jarvis,https://picsum.photos/id/11/2500/1667
182,2500,1667,https://unsplash.com/photos/I_9ILwtsl_k,12,Paul Jarvis,https://picsum.photos/id/12/2500/1667
183,2500,1667,https://unsplash.com/photos/3MtiSMdnoCo,13,Paul Jarvis,https://picsum.photos/id/13/2500/1667
184,2500,1667,https://unsplash.com/photos/IQ1kOQTJrOQ,14,Paul Jarvis,https://picsum.photos/id/14/2500/1667
185,2500,1667,https://unsplash.com/photos/NYDo21ssGao,15,Paul Jarvis,https://picsum.photos/id/15/2500/1667
186,2500,1667,https://unsplash.com/photos/gkT4FfgHO5o,16,Paul Jarvis,https://picsum.photos/id/16/2500/1667
187,2500,1667,https://unsplash.com/photos/Ven2CV8IJ5A,17,Paul Jarvis,https://picsum.photos/id/17/2500/1667
188,2500,1667,https://unsplash.com/photos/Ps2n0rShqaM,18,Paul Jarvis,https://picsum.photos/id/18/2500/1667
189,2500,1667,https://unsplash.com/photos/P7Lh0usGcuk,19,Paul Jarvis,https://picsum.photos/id/19/2500/1667
190,3670,2462,https://unsplash.com/photos/nJdwUHmaY8A,20,Aleks Dorohovich,https://picsum.photos/id/20/3670/2462
191,3008,2008,https://unsplash.com/photos/jVb0mSn0LbE,21,Alejandro Escamilla,https://picsum.photos/id/21/3008/2008
192,4434,3729,https://unsplash.com/photos/du_OrQAA4r0,22,Alejandro Escamilla,https://picsum.photos/id/22/4434/3729
193,3887,4899,https://unsplash.com/photos/8yqds_91OLw,23,Alejandro Escamilla,https://picsum.photos/id/23/3887/4899
194,4855,1803,https://unsplash.com/photos/cZhUxIQjILg,24,Alejandro Escamilla,https://picsum.photos/id/24/4855/1803
195,5000,3333,https://unsplash.com/photos/Iuq0EL4EINY,25,Alejandro Escamilla,https://picsum.photos/id/25/5000/3333
196,4209,2769,https://unsplash.com/photos/tCICLJ5ktBE,26,Vadim Sherbakov,https://picsum.photos/id/26/4209/2769
197,3264,1836,https://unsplash.com/photos/iJnZwLBOB1I,27,Yoni Kaplan-Nadel,https://picsum.photos/id/27/3264/1836
198,4928,3264,https://unsplash.com/photos/_WiFMBRT7Aw,28,Jerry Adney,https://picsum.photos/id/28/4928/3264
199,4000,2670,https://unsplash.com/photos/V0yAek6BgGk,29,Go Wild,https://picsum.photos/id/29/4000/2670
200,1280,901,https://unsplash.com/photos/aeVA-j1y2BY,30,Shyamanta Baruah,https://picsum.photos/id/30/1280/901
201,3264,4912,https://unsplash.com/photos/7Vz3DtQDT3Q,31,How-Soon Ngu,https://picsum.photos/id/31/3264/4912
202,4032,3024,https://unsplash.com/photos/eG3k60PrTGY,32,Rodrigo Melo,https://picsum.photos/id/32/4032/3024
203,5000,3333,https://unsplash.com/photos/LBI7cgq3pbM,33,Alejandro Escamilla,https://picsum.photos/id/33/5000/3333
204,3872,2592,https://unsplash.com/photos/zZvsEMPxjIA,34,Aleks Dorohovich,https://picsum.photos/id/34/3872/2592
205,2758,3622,https://unsplash.com/photos/znM0ujn2RUA,35,Shane Colella,https://picsum.photos/id/35/2758/3622
206,4179,2790,https://unsplash.com/photos/osSryggkso4,36,Vadim Sherbakov,https://picsum.photos/id/36/4179/2790
207,2000,1333,https://unsplash.com/photos/erTjj730fMk,37,Austin Neill,https://picsum.photos/id/37/2000/1333
208,1280,960,https://unsplash.com/photos/JabLtzJl8bc,38,Allyson Souza,https://picsum.photos/id/38/1280/960
209,3456,2304,https://unsplash.com/photos/pFqrYbhIAXs,39,Luke Chesser,https://picsum.photos/id/39/3456/2304
210,4106,2806,https://unsplash.com/photos/N-1XGL54pQg,40,Ryan Mcguire,https://picsum.photos/id/40/4106/2806
211,1280,805,https://unsplash.com/photos/fTKetYpEKNQ,41,Nithya Ramanujam,https://picsum.photos/id/41/1280/805
212,3456,2304,https://unsplash.com/photos/KR2mdHJ5qMg,42,Luke Chesser,https://picsum.photos/id/42/3456/2304
213,1280,831,https://unsplash.com/photos/IoCWq07GaG4,43,Oleg Chursin,https://picsum.photos/id/43/1280/831
214,4272,2848,https://unsplash.com/photos/R1E6x8U83Ho,44,Christopher Sardegna,https://picsum.photos/id/44/4272/2848
215,4592,2576,https://unsplash.com/photos/-XA-fTYYfV0,45,Alan Haverty,https://picsum.photos/id/45/4592/2576
216,3264,2448,https://unsplash.com/photos/Nzw3HHsNHYU,46,Jeffrey Kam,https://picsum.photos/id/46/3264/2448
217,4272,2848,https://unsplash.com/photos/uDUiRS8YroY,47,Christopher Sardegna,https://picsum.photos/id/47/4272/2848
218,5000,3333,https://unsplash.com/photos/1uxV8fAfhVM,48,Luke Chesser,https://picsum.photos/id/48/5000/3333
219,1280,792,https://unsplash.com/photos/Qo51KwK1dKg,49,Margaret Barley,https://picsum.photos/id/49/1280/792
220,4608,3072,https://unsplash.com/photos/L7MpmBGpM94,50,Tyler Wanlass,https://picsum.photos/id/50/4608/3072
221,5000,3333,https://unsplash.com/photos/knYQ6arClBE,51,Ireneuilia,https://picsum.photos/id/51/5000/3333
222,1280,853,https://unsplash.com/photos/57vHdjeZ0yg,52,Cierra,https://picsum.photos/id/52/1280/853
223,1280,1280,https://unsplash.com/photos/6qORI5j_6n8,53,J Duclos,https://picsum.photos/id/53/1280/1280
224,3264,2176,https://unsplash.com/photos/d19by2PLaPc,54,Nicholas Swanson,https://picsum.photos/id/54/3264/2176
225,4608,3072,https://unsplash.com/photos/akbHiqZy4Pg,55,Tyler Wanlass,https://picsum.photos/id/55/4608/3072
226,2880,1920,https://unsplash.com/photos/VLdaxYyXJvw,56,Sebastian Muller,https://picsum.photos/id/56/2880/1920
227,2448,3264,https://unsplash.com/photos/SyBYM8R6VU4,57,Nicholas Swanson,https://picsum.photos/id/57/2448/3264
228,1280,853,https://unsplash.com/photos/-kEr-QltARg,58,Tony Naccarato,https://picsum.photos/id/58/1280/853
229,2464,1632,https://unsplash.com/photos/algEQavPY4M,59,Art Wave,https://picsum.photos/id/59/2464/1632
230,1920,1200,https://unsplash.com/photos/Hi9GSwWkCJk,60,Vadim Sherbakov,https://picsum.photos/id/60/1920/1200
231,3264,2448,https://unsplash.com/photos/zMz14hsbpuU,61,Alex,https://picsum.photos/id/61/3264/2448
232,2000,1333,https://unsplash.com/photos/PzPbh-faPgU,62,Daniel Genser,https://picsum.photos/id/62/2000/1333
233,5000,2813,https://unsplash.com/photos/ZJsseAxEcqM,63,Justin Leibow,https://picsum.photos/id/63/5000/2813
234,4326,2884,https://unsplash.com/photos/AHBiSKaENwc,64,Alexander Shustov,https://picsum.photos/id/64/4326/2884
235,4912,3264,https://unsplash.com/photos/2FrX56QL7P8,65,Alexander Shustov,https://picsum.photos/id/65/4912/3264
236,3264,2448,https://unsplash.com/photos/agnhLQWqr1Q,66,Nicholas Swanson,https://picsum.photos/id/66/3264/2448
237,2848,4288,https://unsplash.com/photos/QbkGwv3xtmQ,67,Rula Sibai,https://picsum.photos/id/67/2848/4288
238,4608,3072,https://unsplash.com/photos/2SfRAWkinpU,68,Cristian Moscoso,https://picsum.photos/id/68/4608/3072
239,4912,3264,https://unsplash.com/photos/SITaCHf7jjg,69,Alexander Shustov,https://picsum.photos/id/69/4912/3264
240,3011,2000,https://unsplash.com/photos/OokBLPrkCNk,70,Dorothy Lin,https://picsum.photos/id/70/3011/2000
241,5000,3333,https://unsplash.com/photos/IoIbdFdGCnQ,71,Jon Eckert,https://picsum.photos/id/71/5000/3333
242,3000,2000,https://unsplash.com/photos/Cs4QZdHrHt4,72,Tyler Finck,https://picsum.photos/id/72/3000/2000
243,5000,3333,https://unsplash.com/photos/umLpP7uCZs0,73,Jon Eckert,https://picsum.photos/id/73/5000/3333
244,4288,2848,https://unsplash.com/photos/YhZbnxqtooM,74,Isaak Dury,https://picsum.photos/id/74/4288/2848
245,1999,2998,https://unsplash.com/photos/1gBUXhf0PtA,75,Jassy Onyae,https://picsum.photos/id/75/1999/2998
246,4912,3264,https://unsplash.com/photos/OxzhYtL-00Y,76,Alexander Shustov,https://picsum.photos/id/76/4912/3264
247,1631,1102,https://unsplash.com/photos/j9nfqTi5T5o,77,May Pamintuan,https://picsum.photos/id/77/1631/1102
248,1584,2376,https://unsplash.com/photos/CtkDsu4w-Rs,78,Paul Evans,https://picsum.photos/id/78/1584/2376
249,2000,3011,https://unsplash.com/photos/TIr6EwYMRUM,79,Dorothy Lin,https://picsum.photos/id/79/2000/3011
250,3888,2592,https://unsplash.com/photos/Y2PYfopoz-k,80,Sonja Langford,https://picsum.photos/id/80/3888/2592
251,5000,3250,https://unsplash.com/photos/rlxZqmc6D_I,81,Sander Weeteling,https://picsum.photos/id/81/5000/3250
252,1500,997,https://unsplash.com/photos/-vq7mi4oF0s,82,Rula Sibai,https://picsum.photos/id/82/1500/997
253,2560,1920,https://unsplash.com/photos/dYshDcTI1Js,83,Julie Geiger,https://picsum.photos/id/83/2560/1920
254,1280,848,https://unsplash.com/photos/63qfL0TciY8,84,Johnny Lam,https://picsum.photos/id/84/1280/848
255,1280,774,https://unsplash.com/photos/xDrxJCdedcI,85,Gozha Net,https://picsum.photos/id/85/1280/774
256,1280,960,https://unsplash.com/photos/o697BgRH_-M,87,Barcelona,https://picsum.photos/id/87/1280/960
257,1280,1707,https://unsplash.com/photos/muC_6gTMLR4,88,Barcelona,https://picsum.photos/id/88/1280/1707
258,4608,2592,https://unsplash.com/photos/rsJtMXn3p_c,89,Vectorbeast,https://picsum.photos/id/89/4608/2592
259,3000,1992,https://unsplash.com/photos/qVj3KuEikvg,90,Rula Sibai,https://picsum.photos/id/90/3000/1992
260,3504,2336,https://unsplash.com/photos/baRYCsjO6z4,91,Jennifer Trovato,https://picsum.photos/id/91/3504/2336
261,3568,2368,https://unsplash.com/photos/QxkBP3A9XmU,92,Rafael Souza,https://picsum.photos/id/92/3568/2368
262,2000,1334,https://unsplash.com/photos/r1XwWjI4PyE,93,Caroline Sada,https://picsum.photos/id/93/2000/1334
263,2133,1200,https://unsplash.com/photos/4yzPVohNuVI,94,Jean Kleisz,https://picsum.photos/id/94/2133/1200
264,2048,2048,https://unsplash.com/photos/87TJNWkepvI,95,Kundan Ramisetti,https://picsum.photos/id/95/2048/2048
265,4752,3168,https://unsplash.com/photos/CuFYW1c97w8,96,Pawel Kadysz,https://picsum.photos/id/96/4752/3168
266,3264,2176,https://unsplash.com/photos/ThJIf6Q0b2s,98,Laurice Solomon,https://picsum.photos/id/98/3264/2176
267,4912,3264,https://unsplash.com/photos/xyDQNmT6vSs,99,Jon Toney,https://picsum.photos/id/99/4912/3264
268,2500,1656,https://unsplash.com/photos/pwaaqfoMibI,100,Tina Rataj,https://picsum.photos/id/100/2500/1656
269,2621,1747,https://unsplash.com/photos/8lMhzUjD1Wk,101,Christian Bardenhorst,https://picsum.photos/id/101/2621/1747
270,4320,3240,https://unsplash.com/photos/pJILiyPdrXI,102,Ben Moore,https://picsum.photos/id/102/4320/3240
271,2592,1936,https://unsplash.com/photos/DwTZwZYi9Ww,103,Ilham Rahmansyah,https://picsum.photos/id/103/2592/1936
272,3840,2160,https://unsplash.com/photos/2fl-ocJ5MOA,104,Dyaa Eldin,https://picsum.photos/id/104/3840/2160
273,2592,1728,https://unsplash.com/photos/YnfGtpt2gf4,106,Arvee Marie,https://picsum.photos/id/106/2592/1728
274,5000,3333,https://unsplash.com/photos/9VWOr22LhVI,107,Lukas Schweizer,https://picsum.photos/id/107/5000/3333
275,2000,1333,https://unsplash.com/photos/t1mqA3V3-7g,108,Florian Klauer,https://picsum.photos/id/108/2000/1333
276,4287,2392,https://unsplash.com/photos/YvYBOSiBJE8,109,Zwaddi,https://picsum.photos/id/109/4287/2392
277,5000,3333,https://unsplash.com/photos/D76DklsG-5U,110,Kenneth Thewissen,https://picsum.photos/id/110/5000/3333
278,4400,2656,https://unsplash.com/photos/eLUegVAjN7s,111,Gabe Rodriguez,https://picsum.photos/id/111/4400/2656
279,4200,2800,https://unsplash.com/photos/kmF_Aq8gkp0,112,Zugr,https://picsum.photos/id/112/4200/2800
280,4168,2464,https://unsplash.com/photos/yZf1quatKCA,113,Zugr,https://picsum.photos/id/113/4168/2464
281,3264,2448,https://unsplash.com/photos/llYg8Ni43fc,114,Brian Gonzalez,https://picsum.photos/id/114/3264/2448
282,1500,1000,https://unsplash.com/photos/A6S-q3D67Ss,115,Christian Hebell,https://picsum.photos/id/115/1500/1000
283,3504,2336,https://unsplash.com/photos/YcfCXxo7rpc,116,Anton Sulsky,https://picsum.photos/id/116/3504/2336
284,1544,1024,https://unsplash.com/photos/Q14J2k8VE3U,117,Daniel Ebersole,https://picsum.photos/id/117/1544/1024
285,1500,1000,https://unsplash.com/photos/d-Cr8MEW5Uc,118,Rick Waalders,https://picsum.photos/id/118/1500/1000
286,3264,2176,https://unsplash.com/photos/wE9nUW7tMmk,119,Nadir Balcikli,https://picsum.photos/id/119/3264/2176
287,4928,3264,https://unsplash.com/photos/_DA3D5P71qs,120,Guillaume,https://picsum.photos/id/120/4928/3264
288,1600,1067,https://unsplash.com/photos/p-bkdO43shE,121,Radio Pink,https://picsum.photos/id/121/1600/1067
289,4147,2756,https://unsplash.com/photos/xS_RzdD5CFE,122,Vadim Sherbakov,https://picsum.photos/id/122/4147/2756
290,4928,3264,https://unsplash.com/photos/tS9hJOnmKK8,123,Mark Doda,https://picsum.photos/id/123/4928/3264
291,3504,2336,https://unsplash.com/photos/fj0tFloTPGQ,124,Anton Sulsky,https://picsum.photos/id/124/3504/2336
292,1500,1000,https://unsplash.com/photos/3HlgJNdnD7I,125,Rick Waalders,https://picsum.photos/id/125/1500/1000
293,4272,2511,https://unsplash.com/photos/asrWX-lU3RE,126,Zugr,https://picsum.photos/id/126/4272/2511
294,4032,2272,https://unsplash.com/photos/rf-0DQu5M6Y,127,Marcin Czerwinski,https://picsum.photos/id/127/4032/2272
295,3823,2549,https://unsplash.com/photos/hlnucYOsL-c,128,Matteo Minelli,https://picsum.photos/id/128/3823/2549
296,4910,3252,https://unsplash.com/photos/A88emaZe7d8,129,Charlie Foster,https://picsum.photos/id/129/4910/3252
297,3807,2538,https://unsplash.com/photos/ywiAen4L4qA,130,Ryan Jacques,https://picsum.photos/id/130/3807/2538
298,4698,3166,https://unsplash.com/photos/yPaskTQiNjA,131,Charlie Foster,https://picsum.photos/id/131/4698/3166
299,1600,1066,https://unsplash.com/photos/gq4kE8KRP8c,132,Peter Besser,https://picsum.photos/id/132/1600/1066
300,2742,1828,https://unsplash.com/photos/8Zt0xOOK4nI,133,Dietmar Becker,https://picsum.photos/id/133/2742/1828
301,4928,3264,https://unsplash.com/photos/Osl4I3IS9Cw,134,Charlie Foster,https://picsum.photos/id/134/4928/3264
302,2560,1920,https://unsplash.com/photos/o4H20aIIAt8,135,Yuriy Khimanin,https://picsum.photos/id/135/2560/1920
303,4032,2272,https://unsplash.com/photos/2wugfiddtXw,136,Marcin Czerwinski,https://picsum.photos/id/136/4032/2272
304,4752,3168,https://unsplash.com/photos/xzZtV9ED5Bs,137,Vladimir Kramer,https://picsum.photos/id/137/4752/3168
305,3465,3008,https://unsplash.com/photos/M-1MRfncLk0,139,Steve Richey,https://picsum.photos/id/139/3465/3008
306,2448,2448,https://unsplash.com/photos/Acfgb7bc-Bc,140,Kundan Ramisetti,https://picsum.photos/id/140/2448/2448
307,2048,1365,https://unsplash.com/photos/v9eNihIWh8k,141,Greg Shield,https://picsum.photos/id/141/2048/1365
308,4272,2848,https://unsplash.com/photos/KSyemQIWwP8,142,Vadim Sherbakov,https://picsum.photos/id/142/4272/2848
309,3600,2385,https://unsplash.com/photos/6xqAK6oAeHA,143,Steve Richey,https://picsum.photos/id/143/3600/2385
310,4912,2760,https://unsplash.com/photos/TuOiIpkIea8,144,Mouly Kumar,https://picsum.photos/id/144/4912/2760
311,4288,2848,https://unsplash.com/photos/VkuuTRkcRqw,145,Lucas Boesche,https://picsum.photos/id/145/4288/2848
312,5000,3333,https://unsplash.com/photos/GG0jOrmwqtw,146,Florian Klauer,https://picsum.photos/id/146/5000/3333
313,2448,2448,https://unsplash.com/photos/OODWPtfXAF0,147,Kundan Ramisetti,https://picsum.photos/id/147/2448/2448
314,3454,2288,https://unsplash.com/photos/revxuIor0nY,149,Guillaume,https://picsum.photos/id/149/3454/2288
315,4288,3216,https://unsplash.com/photos/xPfj_Kdcal4,151,Edoardo Loru,https://picsum.photos/id/151/4288/3216
316,3888,2592,https://unsplash.com/photos/tVIqMgGlAG0,152,Steven Spassov,https://picsum.photos/id/152/3888/2592
317,4763,3155,https://unsplash.com/photos/xpkmxDGPz0Y,153,Charlie Foster,https://picsum.photos/id/153/4763/3155
318,3264,2176,https://unsplash.com/photos/x_jTtMOOMd4,154,Christopher Sardegna,https://picsum.photos/id/154/3264/2176
319,3264,2176,https://unsplash.com/photos/4f7r1LuPYj8,155,Christopher Sardegna,https://picsum.photos/id/155/3264/2176
320,2177,3264,https://unsplash.com/photos/iRyGmA_no2Q,156,Christopher Sardegna,https://picsum.photos/id/156/2177/3264
321,5000,3914,https://unsplash.com/photos/HFbRnCjWHsk,157,koichi nakajima,https://picsum.photos/id/157/5000/3914
322,4836,3224,https://unsplash.com/photos/MRxD-J9-4ps,158,Daniel Robert,https://picsum.photos/id/158/4836/3224
323,5000,2460,https://unsplash.com/photos/kxqvE41_07k,159,Shyamanta Baruah,https://picsum.photos/id/159/5000/2460
324,3200,2119,https://unsplash.com/photos/Zdcq3iKly6g,160,Thom,https://picsum.photos/id/160/3200/2119
325,4240,2832,https://unsplash.com/photos/ti4uz330CwU,161,Chloe Benko-Prieur,https://picsum.photos/id/161/4240/2832
326,1500,998,https://unsplash.com/photos/SlGVAKyP20U,162,Dillon McIntosh,https://picsum.photos/id/162/1500/998
327,2000,1333,https://unsplash.com/photos/oFAVqfTSby8,163,Linh Nguyen,https://picsum.photos/id/163/2000/1333
328,1200,800,https://unsplash.com/photos/agkblvPff5U,164,Linh Nguyen,https://picsum.photos/id/164/1200/800
329,2000,1333,https://unsplash.com/photos/xjXz8GKXcTI,165,Linh Nguyen,https://picsum.photos/id/165/2000/1333
330,1280,720,https://unsplash.com/photos/yD3PXDV7Sjc,166,Romain Briaux,https://picsum.photos/id/166/1280/720
331,2896,1944,https://unsplash.com/photos/WqK_xV_hbug,167,petradr,https://picsum.photos/id/167/2896/1944
332,1920,1280,https://unsplash.com/photos/Xne1N4yZuOY,168,Joeri Römer,https://picsum.photos/id/168/1920/1280
333,2500,1662,https://unsplash.com/photos/BjelfpszQDw,169,Noel Lopez,https://picsum.photos/id/169/2500/1662
334,2500,1667,https://unsplash.com/photos/LbS_k_c3BYA,170,Noel Lopez,https://picsum.photos/id/170/2500/1667
335,2048,1536,https://unsplash.com/photos/cSe3oKQ03OQ,171,Riley Briggs,https://picsum.photos/id/171/2048/1536
336,2000,1325,https://unsplash.com/photos/TQeX8khR54I,172,Aleksi Tappura,https://picsum.photos/id/172/2000/1325
337,1200,737,https://unsplash.com/photos/J8k-gzI0Zy0,173,Linh Nguyen,https://picsum.photos/id/173/1200/737
338,1600,589,https://unsplash.com/photos/YYegjUYIVeg,174,Linh Nguyen,https://picsum.photos/id/174/1600/589
339,2896,1944,https://unsplash.com/photos/8hgm6mKK04U,175,petradr,https://picsum.photos/id/175/2896/1944
340,2500,1662,https://unsplash.com/photos/WO4bxwzHRe8,176,Good Free Photos,https://picsum.photos/id/176/2500/1662
341,2515,1830,https://unsplash.com/photos/tvicgTdh7Fg,177,Danka & Peter,https://picsum.photos/id/177/2515/1830
342,2592,1936,https://unsplash.com/photos/JbeBraLha7U,178,Thanun Buranapong,https://picsum.photos/id/178/2592/1936
343,2048,1365,https://unsplash.com/photos/lp0IFw6YqZg,179,Angelina Odemchuk,https://picsum.photos/id/179/2048/1365
344,2400,1600,https://unsplash.com/photos/ICW6QYOcdlg,180,Galymzhan Abdugalimov,https://picsum.photos/id/180/2400/1600
345,1920,1189,https://unsplash.com/photos/0EjvnhOkPLM,181,Nick Turner,https://picsum.photos/id/181/1920/1189
346,2896,1944,https://unsplash.com/photos/BwgKUh9tN84,182,Andrea Boldizsar,https://picsum.photos/id/182/2896/1944
347,2316,1544,https://unsplash.com/photos/k7bQqdUf954,183,müllermarc,https://picsum.photos/id/183/2316/1544
348,4288,2848,https://unsplash.com/photos/yNGQ830uFB4,184,Tim de Groot,https://picsum.photos/id/184/4288/2848
349,3995,2662,https://unsplash.com/photos/M_eB1UjE0do,185,Tim de Groot,https://picsum.photos/id/185/3995/2662
350,2048,1275,https://unsplash.com/photos/2kc8bigeqEI,186,Simon Pape,https://picsum.photos/id/186/2048/1275
351,4000,2667,https://unsplash.com/photos/oSf8ePoG9NU,187,Andre Koch,https://picsum.photos/id/187/4000/2667
352,2896,1936,https://unsplash.com/photos/1fpyA_z2woY,188,Wojtek Witkowski,https://picsum.photos/id/188/2896/1936
353,2048,1536,https://unsplash.com/photos/pHM4a_RZSLE,189,Buzo Jesús,https://picsum.photos/id/189/2048/1536
354,2048,1365,https://unsplash.com/photos/jrzvClypPq8,190,James Forbes,https://picsum.photos/id/190/2048/1365
355,2560,1707,https://unsplash.com/photos/6iat9p85VnQ,191,Alex Talmon,https://picsum.photos/id/191/2560/1707
356,2352,2352,https://unsplash.com/photos/umchkHwkdyM,192,Adam Przewoski,https://picsum.photos/id/192/2352/2352
357,3578,2451,https://unsplash.com/photos/d6ebY-faOO0,193,Vadim Sherbakov,https://picsum.photos/id/193/3578/2451
358,2000,1325,https://unsplash.com/photos/hVOv8me9ue8,194,Aleksi Tappura,https://picsum.photos/id/194/2000/1325
359,768,1024,https://unsplash.com/photos/t05kfHeygbE,195,Matthew Skinner,https://picsum.photos/id/195/768/1024
360,2048,1536,https://unsplash.com/photos/mR_HR8NZwg8,196,Dyaa Eldin Moustafa,https://picsum.photos/id/196/2048/1536
361,4272,2848,https://unsplash.com/photos/n6TWNDfyPwk,197,Kholodnitskiy Maksim,https://picsum.photos/id/197/4272/2848
362,3456,2304,https://unsplash.com/photos/FC9mIjVT-Yw,198,Sylwia Bartyzel,https://picsum.photos/id/198/3456/2304
363,2592,1728,https://unsplash.com/photos/RL0l7Zk5PxU,199,Beto Galetto,https://picsum.photos/id/199/2592/1728
364,1920,1280,https://unsplash.com/photos/wSb8d-ke5-4,200,Elias Carlsson,https://picsum.photos/id/200/1920/1280
365,5000,3333,https://unsplash.com/photos/YoadQb46v6k,201,Craig Garner,https://picsum.photos/id/201/5000/3333
366,2392,1260,https://unsplash.com/photos/xlAmGyZE7Zg,202,Glen Carrie,https://picsum.photos/id/202/2392/1260
367,4032,3024,https://unsplash.com/photos/PFZTiiJnjag,203,Diogo Tavares,https://picsum.photos/id/203/4032/3024
368,5000,3333,https://unsplash.com/photos/vCqmY3bfqfo,204,Tiago Gerken,https://picsum.photos/id/204/5000/3333
369,2880,1800,https://unsplash.com/photos/qPJ6eRAMmCM,206,Philipp Reiner,https://picsum.photos/id/206/2880/1800
370,2002,1280,https://unsplash.com/photos/NYxxuBSQzp4,208,Martin Wessely,https://picsum.photos/id/208/2002/1280
371,1920,1280,https://unsplash.com/photos/-FgZlbzZ0R8,209,Martin Wessely,https://picsum.photos/id/209/1920/1280
372,1920,1280,https://unsplash.com/photos/sX4lxBWV0-A,210,Martin Wessely,https://picsum.photos/id/210/1920/1280
373,1920,1280,https://unsplash.com/photos/GDvSktiPIQQ,211,Martin Wessely,https://picsum.photos/id/211/1920/1280
374,2000,1394,https://unsplash.com/photos/eDDQRAYKo7k,212,Sylwia Bartyzel,https://picsum.photos/id/212/2000/1394
375,4928,3264,https://unsplash.com/photos/X7dy114KWs4,213,Kelly Sikkema,https://picsum.photos/id/213/4928/3264
376,2729,2047,https://unsplash.com/photos/Ereoqdv5s48,214,Kelly Sikkema,https://picsum.photos/id/214/2729/2047
377,3264,2448,https://unsplash.com/photos/04paG2PxKGs,215,Paula Borowska,https://picsum.photos/id/215/3264/2448
378,2500,1667,https://unsplash.com/photos/9702xTENR-M,216,Paul Jarvis,https://picsum.photos/id/216/2500/1667
379,4000,2590,https://unsplash.com/photos/YOQDokJipFg,217,Tom Butler,https://picsum.photos/id/217/4000/2590
380,4752,3168,https://unsplash.com/photos/Nq8LdWC7HnM,218,Monika Majkowska,https://picsum.photos/id/218/4752/3168
381,5000,3333,https://unsplash.com/photos/7iB4OZDlRok,219,Martyn Seddon,https://picsum.photos/id/219/5000/3333
382,3872,2416,https://unsplash.com/photos/qUToqliACNA,220,Robin Röcker,https://picsum.photos/id/220/3872/2416
383,1440,879,https://unsplash.com/photos/7UzYfAXUgI8,221,Todd Quackenbush,https://picsum.photos/id/221/1440/879
384,1800,977,https://unsplash.com/photos/CKl172V28wM,222,Todd Quackenbush,https://picsum.photos/id/222/1800/977
385,4912,3264,https://unsplash.com/photos/vwY2D2Wr4ME,223,Maria Carrasco,https://picsum.photos/id/223/4912/3264
386,1500,979,https://unsplash.com/photos/hGO27G5tZJ8,225,Vee O,https://picsum.photos/id/225/1500/979
387,1024,683,https://unsplash.com/photos/1iP1dozVO8I,227,Andrea Boldizsar,https://picsum.photos/id/227/1024/683
388,4608,3456,https://unsplash.com/photos/0AbVUUorULU,228,Michal Kubicek,https://picsum.photos/id/228/4608/3456
389,2300,1533,https://unsplash.com/photos/7FLh300YONc,229,Orlova Maria,https://picsum.photos/id/229/2300/1533
390,1500,1500,https://unsplash.com/photos/rFKUFzjPYiQ,230,Wes Carr,https://picsum.photos/id/230/1500/1500
391,4088,2715,https://unsplash.com/photos/XeCvtUX-AE0,231,Aleksandra Boguslawska,https://picsum.photos/id/231/4088/2715
392,3000,1987,https://unsplash.com/photos/Qh6wsKk1HWg,232,Hide Obara,https://picsum.photos/id/232/3000/1987
393,1280,857,https://unsplash.com/photos/ytvZF0miwDI,233,Francisco Casero,https://picsum.photos/id/233/1280/857
394,2048,2048,https://unsplash.com/photos/_py5wlZTI2c,234,Laura Liberal,https://picsum.photos/id/234/2048/2048
395,5000,3333,https://unsplash.com/photos/TI-B-TNYJMU,235,Paul E. Harrer,https://picsum.photos/id/235/5000/3333
396,2592,1944,https://unsplash.com/photos/kzhbVDBDdlc,236,Chris Adams,https://picsum.photos/id/236/2592/1944
397,3500,2095,https://unsplash.com/photos/8wTPqxlnKM4,237,André Spieker,https://picsum.photos/id/237/3500/2095
398,2560,1440,https://unsplash.com/photos/yb0Qs65aZmc,238,Anders Jildén,https://picsum.photos/id/238/2560/1440
399,1739,1391,https://unsplash.com/photos/GyvMk5pPDXI,239,Coley Christine,https://picsum.photos/id/239/1739/1391
400,2972,1932,https://unsplash.com/photos/dFkCXUMB4r4,240,Elisabetta Foco,https://picsum.photos/id/240/2972/1932
401,3456,2304,https://unsplash.com/photos/1Cg7BQXp024,241,Sylwia Bartyzel,https://picsum.photos/id/241/3456/2304
402,1891,1280,https://unsplash.com/photos/LQiXb7dA4Dk,242,Martin Wessely,https://picsum.photos/id/242/1891/1280
403,2300,1533,https://unsplash.com/photos/DYW1s0AfLwo,243,Orlova Maria,https://picsum.photos/id/243/2300/1533
404,4288,2848,https://unsplash.com/photos/Y-eIZ3g8_ko,244,Yair Hazout,https://picsum.photos/id/244/4288/2848
405,3264,2168,https://unsplash.com/photos/wuHPFRWtDLI,247,Georgia Dixon,https://picsum.photos/id/247/3264/2168
406,3872,2592,https://unsplash.com/photos/tZrrWkQT9MM,248,Oliver Pacas,https://picsum.photos/id/248/3872/2592
407,3000,2000,https://unsplash.com/photos/nrLtvA05jk8,249,Anders Jildén,https://picsum.photos/id/249/3000/2000
408,4928,3264,https://unsplash.com/photos/irUQaBK3ydI,250,Nicola Perantoni,https://picsum.photos/id/250/4928/3264
409,5000,3333,https://unsplash.com/photos/b7g3wVqr1gU,251,Tiago Gerken,https://picsum.photos/id/251/5000/3333
410,5000,3281,https://unsplash.com/photos/-K6JMRMj4x4,252,Florian Klauer,https://picsum.photos/id/252/5000/3281
411,2448,3264,https://unsplash.com/photos/4bYpcsaDhpE,253,Bartosz Bąk,https://picsum.photos/id/253/2448/3264
412,4272,2848,https://unsplash.com/photos/adG2dX-ruJ4,254,Pavel Voinov,https://picsum.photos/id/254/4272/2848
413,4592,3064,https://unsplash.com/photos/Xg1e5bR_bL4,255,Jon Ottosson,https://picsum.photos/id/255/4592/3064
414,2000,697,https://unsplash.com/photos/iOPsLuogRao,256,Sylwia Bartyzel,https://picsum.photos/id/256/2000/697
415,5000,3333,https://unsplash.com/photos/3EYK2njhLxc,257,Emanuele Pinna,https://picsum.photos/id/257/5000/3333
416,4608,3072,https://unsplash.com/photos/liiqOto_Dw8,258,Fré Sonneveld,https://picsum.photos/id/258/4608/3072
417,3264,2448,https://unsplash.com/photos/hfIheOEJp9M,259,Namphuong Van,https://picsum.photos/id/259/3264/2448
418,1500,2250,https://unsplash.com/photos/OdAqbedkfiA,260,Sylwia Bartyzel,https://picsum.photos/id/260/1500/2250
419,2200,1650,https://unsplash.com/photos/HJSIZsC4te8,261,Fabio Rose,https://picsum.photos/id/261/2200/1650
420,3429,5000,https://unsplash.com/photos/NUBjCmEgbHM,263,Kristian Karlsson,https://picsum.photos/id/263/3429/5000
421,4912,3264,https://unsplash.com/photos/XsPM2CBTTpI,264,Jon Phillips,https://picsum.photos/id/264/4912/3264
422,3264,2448,https://unsplash.com/photos/SOx0JJK_P-g,265,Chris Liu-Beers,https://picsum.photos/id/265/3264/2448
423,4608,2592,https://unsplash.com/photos/Vosp2wlY3Bs,266,John Maravelakis,https://picsum.photos/id/266/4608/2592
424,3796,2541,https://unsplash.com/photos/uLLUnacamlo,267,Robin Benad,https://picsum.photos/id/267/3796/2541
425,4228,2773,https://unsplash.com/photos/vc3ZOCf5BN8,268,davide ragusa,https://picsum.photos/id/268/4228/2773
426,4608,3072,https://unsplash.com/photos/bbV7QzDUJus,269,Jill Heyer,https://picsum.photos/id/269/4608/3072
427,5000,3320,https://unsplash.com/photos/TXG9VLN1J9U,270,Victoria Alexander,https://picsum.photos/id/270/5000/3320
428,4608,3072,https://unsplash.com/photos/Bpb6yvtkpEY,271,Fré Sonneveld,https://picsum.photos/id/271/4608/3072
429,1920,1280,https://unsplash.com/photos/4Ww2bI-O3z0,272,Marco sama,https://picsum.photos/id/272/1920/1280
430,2106,1534,https://unsplash.com/photos/cyi4rNpSxBE,273,Wim Peters,https://picsum.photos/id/273/2106/1534
431,3824,2520,https://unsplash.com/photos/h7rOzTmGxWE,274,Wojtek Witkowski,https://picsum.photos/id/274/3824/2520
432,4288,2848,https://unsplash.com/photos/ATutAPqj4zw,275,davide ragusa,https://picsum.photos/id/275/4288/2848
433,4250,2801,https://unsplash.com/photos/sM3lniBo2LY,276,davide ragusa,https://picsum.photos/id/276/4250/2801
434,5000,3333,https://unsplash.com/photos/pElM4yerF5Q,277,Taylor Leopold,https://picsum.photos/id/277/5000/3333
435,5000,3333,https://unsplash.com/photos/6QQqqvq4R9A,278,Taylor Leopold,https://picsum.photos/id/278/5000/3333
436,5000,3333,https://unsplash.com/photos/OHS0yA7OkrQ,279,Taylor Leopold,https://picsum.photos/id/279/5000/3333
437,5000,3334,https://unsplash.com/photos/yIDqQ15KgRI,280,Jay Wennington,https://picsum.photos/id/280/5000/3334
438,4928,3264,https://unsplash.com/photos/_poRbNNfcE8,281,Victor Erixon,https://picsum.photos/id/281/4928/3264
439,5000,3333,https://unsplash.com/photos/9dw0xLlxw1s,282,Taylor Leopold,https://picsum.photos/id/282/5000/3333
440,3823,2538,https://unsplash.com/photos/GtxZbYMCiPY,283,Wojtek Witkowski,https://picsum.photos/id/283/3823/2538
441,2048,1365,https://unsplash.com/photos/MpSnQAUTgcE,284,Ariana Prestes,https://picsum.photos/id/284/2048/1365
442,4288,2848,https://unsplash.com/photos/c54ZhWDLEDo,287,Aleksandra Boguslawska,https://picsum.photos/id/287/4288/2848
443,3888,2592,https://unsplash.com/photos/eVBg7A07NGg,288,Stockholm,https://picsum.photos/id/288/3888/2592
444,2800,1508,https://unsplash.com/photos/vIqxsp0_p1g,289,Jennifer Langley,https://picsum.photos/id/289/2800/1508
445,3456,2304,https://unsplash.com/photos/nAZOGbSWK9o,290,Aleksandar Vacić,https://picsum.photos/id/290/3456/2304
446,3264,2176,https://unsplash.com/photos/zdjOYZeJj3w,291,Caleb George,https://picsum.photos/id/291/3264/2176
447,3852,2556,https://unsplash.com/photos/hv1MrBzGGNY,292,Webvilla,https://picsum.photos/id/292/3852/2556
448,5000,3333,https://unsplash.com/photos/AJqHzUbc1io,293,Paul E. Harrer,https://picsum.photos/id/293/5000/3333
449,3753,2309,https://unsplash.com/photos/NKV6xXErcyY,294,Robin Benad,https://picsum.photos/id/294/3753/2309
450,4272,2848,https://unsplash.com/photos/-_rYK0egLWE,295,Olivia Henry,https://picsum.photos/id/295/4272/2848
451,3072,2048,https://unsplash.com/photos/Du30R57aCyM,296,Greg Shield,https://picsum.photos/id/296/3072/2048
452,5000,3224,https://unsplash.com/photos/IUwLkxL49co,297,André Robillard,https://picsum.photos/id/297/5000/3224
453,5000,3288,https://unsplash.com/photos/nOhUx3tiaQQ,299,Matthew Wiebe,https://picsum.photos/id/299/5000/3288
454,4272,2848,https://unsplash.com/photos/2f_CnEeZsVg,300,Pavel Voinov,https://picsum.photos/id/300/4272/2848
455,4752,3168,https://unsplash.com/photos/Tn4Su6l4j_s,301,Tirza van Dijk,https://picsum.photos/id/301/4752/3168
456,1728,1080,https://unsplash.com/photos/O3rmGgNYLKo,302,Billy Lam,https://picsum.photos/id/302/1728/1080
457,5000,3324,https://unsplash.com/photos/_o6AAx9dl_Y,304,Drew Patrick Miller,https://picsum.photos/id/304/5000/3324
458,4928,3264,https://unsplash.com/photos/B6uUPYt7wz4,305,Dominik Martin,https://picsum.photos/id/305/4928/3264
459,1024,768,https://unsplash.com/photos/6T7kfc3VitU,306,Schicka,https://picsum.photos/id/306/1024/768
460,5000,3333,https://unsplash.com/photos/h0Vxgz5tyXA,307,Keith Misner,https://picsum.photos/id/307/5000/3333
461,1536,1024,https://unsplash.com/photos/5z8CIELxW1Y,308,Charles L.,https://picsum.photos/id/308/1536/1024
462,3872,2592,https://unsplash.com/photos/qjs4WqT8Ib0,309,Ben Moore,https://picsum.photos/id/309/3872/2592
463,4928,3264,https://unsplash.com/photos/YxNW6SqiDD8,310,Dominik Martin,https://picsum.photos/id/310/4928/3264
464,1000,563,https://unsplash.com/photos/VkF8pVVoFg0,311,Logan Adermatt,https://picsum.photos/id/311/1000/563
465,3888,2592,https://unsplash.com/photos/RQHzRELE2Ss,312,Sonja Langford,https://picsum.photos/id/312/3888/2592
466,3888,2592,https://unsplash.com/photos/4xYgBTYC2-Q,313,Sonja Langford,https://picsum.photos/id/313/3888/2592
467,4608,3072,https://unsplash.com/photos/1rZcfdsjoR4,314,Fré Sonneveld,https://picsum.photos/id/314/4608/3072
468,2100,1500,https://unsplash.com/photos/W7CopGaHkEM,315,Liam Andrew,https://picsum.photos/id/315/2100/1500
469,4000,2667,https://unsplash.com/photos/M8PV59TCj6E,316,Philipp Reiner,https://picsum.photos/id/316/4000/2667
470,1935,1089,https://unsplash.com/photos/cKYgt4K0g5w,317,Paula Borowska,https://picsum.photos/id/317/1935/1089
471,3264,2448,https://unsplash.com/photos/wJ2SaSiL5FA,318,Louis Pellissier,https://picsum.photos/id/318/3264/2448
472,5000,2542,https://unsplash.com/photos/3V6ZTpZS-ag,319,Kristian Karlsson,https://picsum.photos/id/319/5000/2542
473,2689,1795,https://unsplash.com/photos/3FN6tlvTjwM,320,Danka & Peter,https://picsum.photos/id/320/2689/1795
474,1920,713,https://unsplash.com/photos/wUOnD41Wx68,321,Björn Simon,https://picsum.photos/id/321/1920/713
475,5000,3333,https://unsplash.com/photos/dSyWD7oRns8,322,Afroz Nawaf,https://picsum.photos/id/322/5000/3333
476,3831,2554,https://unsplash.com/photos/QYAojSRu82c,323,Paweł Wojciechowski,https://picsum.photos/id/323/3831/2554
477,3888,2592,https://unsplash.com/photos/L_F8jAsRWtU,324,Sonja Langford,https://picsum.photos/id/324/3888/2592
478,4928,3264,https://unsplash.com/photos/vf29T22259I,325,Dominik Martin,https://picsum.photos/id/325/4928/3264
479,4928,3264,https://unsplash.com/photos/JYFmYif4n70,326,Dominik Martin,https://picsum.photos/id/326/4928/3264
480,4442,2961,https://unsplash.com/photos/Gg7uKdHFb_c,327,Ryan Schroeder,https://picsum.photos/id/327/4442/2961
481,3264,2448,https://unsplash.com/photos/hSeq6sn2HeE,328,Nathalie Gouzée,https://picsum.photos/id/328/3264/2448
482,5000,3333,https://unsplash.com/photos/-e_njRV9hRE,329,Felipe Santana,https://picsum.photos/id/329/5000/3333
483,4272,2848,https://unsplash.com/photos/tqNyUz2r6KQ,330,Oisin Conolly,https://picsum.photos/id/330/4272/2848
484,3648,2432,https://unsplash.com/photos/g28MgVK85bQ,331,Thong Vo,https://picsum.photos/id/331/3648/2432
485,2304,1536,https://unsplash.com/photos/ERSauUNQ3ag,334,Kimberly Richards,https://picsum.photos/id/334/2304/1536
486,2249,1499,https://unsplash.com/photos/EhyiZ9-Zfo0,335,Danka & Peter,https://picsum.photos/id/335/2249/1499
487,1600,1060,https://unsplash.com/photos/7_cSSarxoAA,336,Sylwia Bartyzel,https://picsum.photos/id/336/1600/1060
488,1572,1179,https://unsplash.com/photos/7eu-KaAJwks,337,Cornelia Büchse,https://picsum.photos/id/337/1572/1179
489,2000,1333,https://unsplash.com/photos/9VPtNW84vGI,338,Patryk Sobczak,https://picsum.photos/id/338/2000/1333
490,4752,3168,https://unsplash.com/photos/aGx7X1VmFIY,339,Tirza van Dijk,https://picsum.photos/id/339/4752/3168
491,4752,3168,https://unsplash.com/photos/ixHfyjA49M8,340,Davey Heuser,https://picsum.photos/id/340/4752/3168
492,5000,3337,https://unsplash.com/photos/6VjPmyMj5KM,341,timothy muza,https://picsum.photos/id/341/5000/3337
493,2896,1944,https://unsplash.com/photos/r4He4Btlsro,342,Steven Lewis,https://picsum.photos/id/342/2896/1944
494,2304,1536,https://unsplash.com/photos/FRUNWjolvNA,343,Jacob Aguilar-Friend,https://picsum.photos/id/343/2304/1536
495,3843,2591,https://unsplash.com/photos/ifpBOcQlhoY,344,Alex Gindin,https://picsum.photos/id/344/3843/2591
496,5000,3333,https://unsplash.com/photos/S_mEIfXRzIk,345,Mario Calvo,https://picsum.photos/id/345/5000/3333
497,5000,3334,https://unsplash.com/photos/umq-jgTjr28,347,Alex Talmon,https://picsum.photos/id/347/5000/3334
498,3872,2592,https://unsplash.com/photos/mVhd5QVlDWw,348,Anna Dziubinska,https://picsum.photos/id/348/3872/2592
499,3264,2176,https://unsplash.com/photos/FmMivfgHCiM,349,Caleb George,https://picsum.photos/id/349/3264/2176
500,5000,3338,https://unsplash.com/photos/17x5rTAAvXM,350,Forrest Cavale,https://picsum.photos/id/350/5000/3338
501,3994,2443,https://unsplash.com/photos/nKRVmvjW3rE,351,Rafael Fabricio,https://picsum.photos/id/351/3994/2443
502,3264,2176,https://unsplash.com/photos/URmkfvtK3Qw,352,Caleb George,https://picsum.photos/id/352/3264/2176
503,5000,2806,https://unsplash.com/photos/qfmd9bu7IgA,353,Forrest Cavale,https://picsum.photos/id/353/5000/2806
504,3800,2850,https://unsplash.com/photos/MNyW4STma6g,354,Piotr Kwiatkowski,https://picsum.photos/id/354/3800/2850
505,5000,3360,https://unsplash.com/photos/YOT6kS8YtEA,355,Mario Calvo,https://picsum.photos/id/355/5000/3360
506,3264,2448,https://unsplash.com/photos/fqtOAqbbnJg,356,Daniel Ruswick,https://picsum.photos/id/356/3264/2448
507,3888,2592,https://unsplash.com/photos/eIkbSc3SDtI,357,Sonja Langford,https://picsum.photos/id/357/3888/2592
508,2592,1728,https://unsplash.com/photos/1nz-KjRdg-s,358,Levi Saunders,https://picsum.photos/id/358/2592/1728
509,1925,1280,https://unsplash.com/photos/G2UTNecskWg,360,Cas Cornelissen,https://picsum.photos/id/360/1925/1280
510,5000,3333,https://unsplash.com/photos/ey1Obz7I2fw,361,Lacey Raper,https://picsum.photos/id/361/5000/3333
511,4438,2954,https://unsplash.com/photos/2UbJtgQp8VQ,362,Ry Van,https://picsum.photos/id/362/4438/2954
512,4802,3202,https://unsplash.com/photos/RxaN6Bbches,363,José Martín,https://picsum.photos/id/363/4802/3202
513,5000,2917,https://unsplash.com/photos/Gauk-pFdvKk,364,José Martín,https://picsum.photos/id/364/5000/2917
514,5000,3333,https://unsplash.com/photos/15YDf39RIVc,365,Carli Jean,https://picsum.photos/id/365/5000/3333
515,4000,3000,https://unsplash.com/photos/6PF6DaiWz48,366,Rayi Christian Wicaksono,https://picsum.photos/id/366/4000/3000
516,4928,3264,https://unsplash.com/photos/gm18kqu9TxQ,367,James Tarbotton,https://picsum.photos/id/367/4928/3264
517,4896,3264,https://unsplash.com/photos/o-zOatT4kQw,368,Tyssul Patel,https://picsum.photos/id/368/4896/3264
518,4692,3128,https://unsplash.com/photos/umcc42T8fD4,369,Lou Levit,https://picsum.photos/id/369/4692/3128
519,4928,3264,https://unsplash.com/photos/PjH_BkzjxTA,370,Aleksi Tappura,https://picsum.photos/id/370/4928/3264
520,5000,3333,https://unsplash.com/photos/5Zn_WCC9aFA,371,Kim Daniel,https://picsum.photos/id/371/5000/3333
521,4871,3247,https://unsplash.com/photos/KWkMiUIxcD0,372,Gabriel Santiago,https://picsum.photos/id/372/4871/3247
522,4896,3264,https://unsplash.com/photos/i8CYGnoerR0,373,Jay Wennington,https://picsum.photos/id/373/4896/3264
523,3888,2592,https://unsplash.com/photos/TDahcrcPhhA,374,Ma. Alejandra,https://picsum.photos/id/374/3888/2592
524,5000,3333,https://unsplash.com/photos/3jUTmrmdNVg,375,Wellington Sanipe,https://picsum.photos/id/375/5000/3333
525,5000,3324,https://unsplash.com/photos/bI2j1olMXUA,376,Andrew Ruiz,https://picsum.photos/id/376/5000/3324
526,4884,3256,https://unsplash.com/photos/8WClaa1CmZ0,377,Martin Staněk,https://picsum.photos/id/377/4884/3256
527,5000,3333,https://unsplash.com/photos/3fPXt37X6UQ,378,Charles Forerunner,https://picsum.photos/id/378/5000/3333
528,2000,1328,https://unsplash.com/photos/2f5Ktwb8YXk,379,Kamil Lehmann,https://picsum.photos/id/379/2000/1328
529,4080,2710,https://unsplash.com/photos/scwYrU5hCSM,380,Michael Quinn,https://picsum.photos/id/380/4080/2710
530,5000,3419,https://unsplash.com/photos/4M-5WBrG5-c,381,Nick West,https://picsum.photos/id/381/5000/3419
531,3264,2448,https://unsplash.com/photos/kG71BXh8KFw,382,RayBay,https://picsum.photos/id/382/3264/2448
532,4288,2848,https://unsplash.com/photos/1tjjwmK5Q10,383,Jacob Valerio,https://picsum.photos/id/383/4288/2848
533,5000,3333,https://unsplash.com/photos/-mNvCsNlsSE,384,Griffin Keller,https://picsum.photos/id/384/5000/3333
534,5000,3333,https://unsplash.com/photos/7oS_26cb1Wo,385,Griffin Keller,https://picsum.photos/id/385/5000/3333
535,4320,2432,https://unsplash.com/photos/czfUy4ZKuJ0,386,Topich,https://picsum.photos/id/386/4320/2432
536,5000,3333,https://unsplash.com/photos/8ZgJyLGbC7Y,387,Martin Dörsch,https://picsum.photos/id/387/5000/3333
537,4288,2848,https://unsplash.com/photos/weqZJ1WNYj8,388,Lucas Löf,https://picsum.photos/id/388/4288/2848
538,4562,3042,https://unsplash.com/photos/bt-Sc22W-BE,389,Jake Hills,https://picsum.photos/id/389/4562/3042
539,5000,3333,https://unsplash.com/photos/vlSyS1VLCoQ,390,Brooklyn Morgan,https://picsum.photos/id/390/5000/3333
540,2980,2151,https://unsplash.com/photos/TlLgCqWEzUQ,391,Sarah Holmes,https://picsum.photos/id/391/2980/2151
541,5000,3333,https://unsplash.com/photos/n7n-nkadHRM,392,Chris Brignola,https://picsum.photos/id/392/5000/3333
542,2560,1707,https://unsplash.com/photos/UFskvng2OMU,393,Alex Talmon,https://picsum.photos/id/393/2560/1707
543,4080,2720,https://unsplash.com/photos/94taEmdowRw,395,Dogancan Ozturan,https://picsum.photos/id/395/4080/2720
544,5000,3333,https://unsplash.com/photos/ko-wCySsj-I,396,Sam X,https://picsum.photos/id/396/5000/3333
545,4475,2984,https://unsplash.com/photos/XnuFhviCGio,397,Jonas Lavoie-Levesque,https://picsum.photos/id/397/4475/2984
546,4912,3264,https://unsplash.com/photos/2aWEwBGSqR8,398,Oscar Nilsson,https://picsum.photos/id/398/4912/3264
547,2048,1365,https://unsplash.com/photos/FjAD28N8-IQ,399,Sunset Girl,https://picsum.photos/id/399/2048/1365
548,5000,3333,https://unsplash.com/photos/SNW4DWZEy8I,400,John French,https://picsum.photos/id/400/5000/3333
549,5000,3333,https://unsplash.com/photos/0fjGQmYCRW8,401,Austin Ban,https://picsum.photos/id/401/5000/3333
550,1200,715,https://unsplash.com/photos/VfIYjO8P_24,402,Loudge,https://picsum.photos/id/402/1200/715
551,3997,2665,https://unsplash.com/photos/E0Spm6XXn2Y,403,Sergey Zolkin,https://picsum.photos/id/403/3997/2665
552,3264,2176,https://unsplash.com/photos/H28ODcp4EUk,404,Cole Patrick,https://picsum.photos/id/404/3264/2176
553,3000,1688,https://unsplash.com/photos/jIuKqvVK4Dg,405,Daniel Robert,https://picsum.photos/id/405/3000/1688
554,4134,2738,https://unsplash.com/photos/SmhN4FejPFs,406,Roland Batke-Mutschler,https://picsum.photos/id/406/4134/2738
555,4272,2848,https://unsplash.com/photos/n6vS3xlnsCc,407,Kelley Bozarth,https://picsum.photos/id/407/4272/2848
556,2909,1934,https://unsplash.com/photos/VOmYzrXpR_4,408,Geoffrey Arduini,https://picsum.photos/id/408/2909/1934
557,4368,2912,https://unsplash.com/photos/RwNd3xQhjNs,409,Ariana Prestes,https://picsum.photos/id/409/4368/2912
558,2048,1353,https://unsplash.com/photos/1ZvuywK5v6s,410,Igor Ovsyannykov,https://picsum.photos/id/410/2048/1353
559,5000,2358,https://unsplash.com/photos/dgE3lWVyDh8,411,Philipp Henzler,https://picsum.photos/id/411/5000/2358
560,5000,3337,https://unsplash.com/photos/WvlS1yWAu8c,412,Samuel Rohl,https://picsum.photos/id/412/5000/3337
561,2666,1500,https://unsplash.com/photos/Hez3-whPnNA,413,Lukasz Szmigiel,https://picsum.photos/id/413/2666/1500
562,5000,3333,https://unsplash.com/photos/O11NShFEUtY,415,Florian Klauer,https://picsum.photos/id/415/5000/3333
563,1280,853,https://unsplash.com/photos/9jYj32TN9Ts,416,Elaine Li,https://picsum.photos/id/416/1280/853
564,2896,1944,https://unsplash.com/photos/Xp8qDrxDeFI,417,Siddharth Kothari,https://picsum.photos/id/417/2896/1944
565,3264,2391,https://unsplash.com/photos/x53x5PgJfb4,418,Björn Simon,https://picsum.photos/id/418/3264/2391
566,3456,2304,https://unsplash.com/photos/mS1pAG_bi5Y,419,POR7O,https://picsum.photos/id/419/3456/2304
567,4825,3217,https://unsplash.com/photos/VLWy8LIdzsQ,420,Rob Potvin,https://picsum.photos/id/420/4825/3217
568,5000,3333,https://unsplash.com/photos/9Gmf3HPHK8o,421,Ruxandra Mateiu,https://picsum.photos/id/421/5000/3333
569,5000,3333,https://unsplash.com/photos/pTgTMVxQE_k,423,Gabriel Santiago,https://picsum.photos/id/423/5000/3333
